Timestamp,Sensor,AccX,AccY,AccZ,GyrX,GyrY,GyrZ,MagX,MagY,MagZ,Temp
2026/04/15 14:26:46.00,IMU,8.79,3.91,-975.10,-1.47,1.45,-0.53,16.20,-16.65,-47.70,27.6
2026/04/15 14:26:46.10,IMU,13.67,-8.79,-977.54,-2.31,1.14,-0.85,16.50,-17.40,-48.75,27.6
2026/04/15 14:26:46.20,IMU,2.93,-1.46,-985.35,-1.28,1.66,2.29,16.20,-16.20,-48.75,27.6
2026/04/15 14:26:46.30,IMU,7.32,6.84,-974.61,-0.99,-0.50,-1.48,16.50,-16.95,-48.45,27.0
2026/04/15 14:26:46.40,IMU,12.70,24.90,-991.70,-1.31,-1.67,0.50,16.20,-16.20,-48.75,27.5
2026/04/15 14:26:46.50,IMU,5.86,9.28,-971.68,0.30,-1.79,-0.54,15.60,-17.55,-47.85,27.5
2026/04/15 14:26:46.61,IMU,18.55,0.00,-980.47,-1.02,-1.85,-0.28,15.60,-17.55,-48.60,27.3
2026/04/15 14:26:46.71,IMU,-4.88,4.39,-983.40,-1.13,-1.25,-2.44,17.25,-17.40,-46.95,27.5
2026/04/15 14:26:46.81,IMU,-2.44,-2.44,-974.12,-1.55,-0.71,0.64,15.30,-15.60,-47.55,27.6
2026/04/15 14:26:46.91,IMU,1.46,1.46,-973.14,-2.58,0.15,0.30,14.70,-16.95,-49.05,27.5
2026/04/15 14:26:47.01,IMU,0.98,12.70,-976.07,-0.44,-0.20,1.30,15.30,-17.55,-48.60,27.6
2026/04/15 14:26:47.11,IMU,11.23,-6.84,-983.89,0.15,0.50,-2.08,16.35,-17.55,-47.85,27.2
2026/04/15 14:26:47.21,IMU,9.77,-3.42,-972.66,-1.10,-1.94,1.66,15.75,-16.95,-48.45,27.4
2026/04/15 14:26:47.31,IMU,10.25,-0.98,-983.89,-0.79,1.00,-0.43,13.05,-16.35,-47.10,27.5
2026/04/15 14:26:47.41,IMU,0.49,2.93,-966.80,-1.26,-1.43,0.41,15.30,-17.10,-47.10,27.6
2026/04/15 14:26:47.51,IMU,0.00,11.23,-979.49,0.72,-0.18,0.63,15.15,-16.20,-47.40,27.5
2026/04/15 14:26:47.61,IMU,9.77,4.88,-978.52,-0.45,-0.36,1.21,16.50,-16.65,-48.45,27.6
2026/04/15 14:26:47.71,IMU,-1.46,-8.79,-973.63,0.66,-1.58,-1.18,15.30,-16.35,-48.60,27.5
2026/04/15 14:26:47.81,IMU,11.23,8.30,-983.89,-2.24,1.18,1.40,16.20,-16.95,-49.05,27.8
2026/04/15 14:26:47.92,IMU,6.35,5.86,-976.07,-0.68,-0.56,0.53,15.60,-17.55,-47.55,27.3
2026/04/15 14:26:48.02,IMU,4.88,2.93,-969.24,-0.89,1.14,1.95,15.75,-16.20,-47.40,27.5
2026/04/15 14:26:48.12,IMU,-5.37,21.48,-978.52,-1.11,-0.67,-0.57,15.30,-18.30,-48.90,27.6
2026/04/15 14:26:48.22,IMU,13.18,-6.35,-965.82,-0.59,0.26,-1.37,15.75,-16.65,-48.75,27.6
2026/04/15 14:26:48.32,IMU,16.60,0.98,-975.59,-0.46,1.87,-0.19,15.75,-17.70,-47.70,27.6
2026/04/15 14:26:48.42,IMU,16.11,0.49,-973.14,-0.47,-0.57,-0.98,15.60,-17.55,-47.85,27.5
2026/04/15 14:26:48.52,IMU,24.41,0.49,-973.14,-2.10,-0.73,0.51,15.60,-17.55,-47.10,27.5
2026/04/15 14:26:48.62,IMU,4.88,-0.49,-976.56,-1.34,-1.66,-1.71,16.65,-17.10,-46.50,27.5
2026/04/15 14:26:48.72,IMU,0.98,3.91,-970.21,-1.60,-0.65,1.28,15.75,-17.70,-48.00,27.6
2026/04/15 14:26:48.82,IMU,-6.35,-1.95,-965.33,-1.44,0.43,0.22,16.05,-16.80,-47.85,27.8
2026/04/15 14:26:48.92,IMU,7.81,4.88,-965.82,-0.15,-3.05,-1.19,16.50,-16.95,-46.95,27.3
2026/04/15 14:26:49.02,IMU,6.84,3.42,-979.98,-1.57,-1.01,0.02,16.50,-17.70,-48.75,27.6
2026/04/15 14:26:49.12,IMU,9.77,0.98,-978.03,-1.21,-0.69,1.03,16.20,-16.95,-47.70,27.6
2026/04/15 14:26:49.22,IMU,5.86,-1.95,-985.35,0.21,0.66,1.09,15.75,-17.70,-47.40,27.6
2026/04/15 14:26:49.33,IMU,8.79,6.84,-977.54,-1.11,-1.49,0.16,15.45,-16.20,-46.95,27.5
2026/04/15 14:26:49.43,IMU,3.42,11.23,-969.24,-0.73,-0.37,1.36,16.05,-17.55,-47.85,27.6
2026/04/15 14:26:49.53,IMU,12.21,0.49,-972.66,0.21,-0.26,2.04,17.10,-17.10,-48.30,27.5
2026/04/15 14:26:49.63,IMU,9.77,-5.37,-979.98,1.60,0.35,-0.36,14.55,-16.80,-49.65,27.6
2026/04/15 14:26:49.73,IMU,3.91,0.00,-984.86,-3.11,0.43,0.19,16.05,-16.35,-48.90,27.6
2026/04/15 14:26:49.83,IMU,12.21,-2.93,-969.24,-1.11,-1.64,1.53,16.20,-16.95,-48.45,27.6
2026/04/15 14:26:49.93,IMU,-4.39,6.84,-981.93,-1.68,-0.44,-0.15,17.10,-16.80,-48.30,27.5
2026/04/15 14:26:50.03,IMU,11.23,-4.88,-980.96,-1.44,-1.10,1.02,15.75,-16.95,-47.70,27.7
2026/04/15 14:26:50.13,IMU,-4.88,1.46,-976.07,0.45,0.08,0.29,16.50,-16.95,-47.70,27.6
2026/04/15 14:26:50.23,IMU,3.91,-1.46,-983.40,0.99,0.59,-0.03,16.65,-16.35,-47.85,27.6
2026/04/15 14:26:50.33,IMU,15.14,3.42,-972.66,-0.75,-0.96,1.69,14.40,-16.95,-48.45,27.5
2026/04/15 14:26:50.43,IMU,17.58,-1.95,-978.03,-2.82,1.60,-2.99,14.85,-16.05,-47.10,27.6
2026/04/15 14:26:50.53,IMU,-4.88,9.28,-983.89,0.15,-2.74,1.38,14.85,-16.80,-48.30,27.6
2026/04/15 14:26:50.64,IMU,8.30,5.37,-979.49,-0.36,0.82,1.40,16.50,-16.65,-48.00,27.5
2026/04/15 14:26:50.74,IMU,2.93,-12.21,-974.12,-0.91,-0.19,-0.23,16.20,-17.40,-47.70,27.5
2026/04/15 14:26:50.84,IMU,2.93,9.77,-977.05,0.54,-0.78,2.05,15.60,-16.80,-48.30,27.7
2026/04/15 14:26:50.94,IMU,4.88,2.93,-979.00,-0.40,2.08,-0.31,15.45,-15.90,-48.45,27.5
2026/04/15 14:26:51.04,IMU,5.37,0.49,-980.47,-0.11,-0.69,0.93,15.75,-16.65,-47.70,27.5
2026/04/15 14:26:51.14,IMU,9.77,16.60,-975.10,-1.05,-2.36,0.93,16.20,-16.65,-48.00,27.5
2026/04/15 14:26:51.24,IMU,7.32,2.44,-984.38,0.13,-1.34,0.89,14.85,-16.35,-47.85,27.6
2026/04/15 14:26:51.34,IMU,6.84,1.95,-975.59,-0.08,0.18,-1.60,17.10,-17.55,-47.55,27.5
2026/04/15 14:26:51.44,IMU,3.42,6.84,-978.52,-1.36,-0.02,-0.23,14.70,-17.40,-47.40,27.6
2026/04/15 14:26:51.54,IMU,1.46,3.91,-975.59,-0.62,-2.05,0.03,15.15,-17.70,-46.35,27.6
2026/04/15 14:26:51.64,IMU,23.44,0.98,-982.91,-0.33,-2.12,0.83,15.30,-17.55,-47.85,27.5
2026/04/15 14:26:51.74,IMU,-0.49,-1.46,-983.89,0.35,-1.84,-1.20,16.65,-17.10,-47.85,27.6
2026/04/15 14:26:51.84,IMU,2.93,-6.35,-972.66,0.62,-2.17,2.44,16.05,-16.05,-47.55,27.3
2026/04/15 14:26:51.94,IMU,5.86,6.84,-973.63,-2.05,-1.27,1.50,16.05,-17.85,-46.50,27.6
2026/04/15 14:26:52.05,IMU,3.42,10.25,-979.49,-1.05,-3.21,1.68,16.50,-16.65,-47.70,27.5
2026/04/15 14:26:52.15,IMU,11.72,-1.95,-992.19,-0.24,-0.63,0.34,17.10,-17.10,-47.85,27.3
2026/04/15 14:26:52.25,IMU,2.93,16.11,-982.91,-0.28,-2.24,1.00,15.60,-17.10,-48.90,27.5
2026/04/15 14:26:52.35,IMU,0.49,16.60,-974.12,-2.43,-1.16,-0.50,16.35,-17.10,-48.30,27.6
2026/04/15 14:26:52.45,IMU,7.32,8.30,-981.45,0.94,0.61,-0.38,16.20,-17.40,-49.05,27.8
2026/04/15 14:26:52.55,IMU,8.79,-3.42,-989.26,0.02,-0.05,-0.72,15.30,-17.85,-48.60,27.6
2026/04/15 14:26:52.65,IMU,-2.44,-0.49,-981.93,0.56,0.72,-0.67,17.10,-16.80,-48.30,27.6
2026/04/15 14:26:52.75,IMU,11.72,3.42,-970.21,-1.60,-2.72,1.59,15.75,-16.20,-47.70,27.6
2026/04/15 14:26:52.85,IMU,0.49,1.95,-979.98,-0.81,-0.35,-0.66,14.85,-16.35,-48.30,27.6
2026/04/15 14:26:52.95,IMU,5.37,6.35,-976.07,-1.28,-1.40,0.92,15.45,-16.20,-48.00,27.8
2026/04/15 14:26:53.05,IMU,8.30,0.00,-983.40,0.27,1.08,1.48,15.15,-16.20,-46.95,27.7
2026/04/15 14:26:53.15,IMU,1.46,-7.81,-988.77,-1.90,-0.60,0.17,11.70,-17.85,-44.40,27.8
2026/04/15 14:26:53.26,IMU,0.49,-1.95,-974.12,0.27,-1.89,1.73,17.25,-15.90,-49.05,27.5
2026/04/15 14:26:53.36,IMU,6.84,5.37,-984.38,-1.65,-1.52,-1.18,16.35,-17.10,-47.85,27.5
2026/04/15 14:26:53.46,IMU,3.91,0.49,-988.77,-1.67,0.14,-0.74,14.85,-16.80,-49.35,27.6
2026/04/15 14:26:53.56,IMU,-3.42,-1.95,-980.96,0.76,0.73,-1.68,15.60,-16.35,-47.85,27.5
2026/04/15 14:26:53.66,IMU,12.21,3.42,-981.45,-0.99,-1.49,-1.30,15.45,-17.70,-48.45,27.6
2026/04/15 14:26:53.76,IMU,0.49,-10.74,-981.93,0.17,-2.12,2.98,16.05,-19.05,-48.60,27.3
2026/04/15 14:26:53.86,IMU,12.21,-7.32,-965.82,1.17,-0.30,0.60,16.20,-16.65,-46.65,27.5
2026/04/15 14:26:53.96,IMU,-0.49,13.67,-976.07,-1.10,-1.62,1.27,16.65,-17.85,-48.30,27.5
2026/04/15 14:26:54.06,IMU,11.23,16.11,-969.24,-0.66,-1.50,1.98,16.20,-17.70,-48.45,27.6
2026/04/15 14:26:54.17,IMU,-1.46,6.84,-985.35,-0.92,-1.64,0.87,11.25,-19.05,-42.15,27.3
2026/04/15 14:26:54.27,IMU,17.09,7.81,-979.00,0.00,1.46,1.85,16.65,-16.80,-47.85,27.8
2026/04/15 14:26:54.37,IMU,17.09,0.49,-974.12,0.05,-0.69,-0.47,14.55,-17.55,-48.60,27.6
2026/04/15 14:26:54.47,IMU,-0.49,5.86,-979.98,1.37,-2.10,0.90,15.75,-16.65,-47.70,27.7
2026/04/15 14:26:54.57,IMU,5.86,-2.44,-973.14,-1.31,-1.98,1.90,16.50,-17.70,-47.70,27.5
2026/04/15 14:26:54.67,IMU,0.00,10.25,-977.05,-2.89,-0.44,0.89,16.65,-17.10,-47.55,27.8
2026/04/15 14:26:54.77,IMU,11.23,1.95,-983.89,-0.53,0.39,-0.59,15.30,-16.35,-49.95,27.5
2026/04/15 14:26:54.87,IMU,0.00,-5.86,-977.54,-1.62,-0.96,1.17,16.65,-17.10,-48.30,27.6
2026/04/15 14:26:54.97,IMU,-0.98,2.44,-986.82,-1.89,-0.46,0.34,16.95,-18.00,-49.80,27.9
2026/04/15 14:26:55.07,IMU,-0.98,8.30,-973.63,-0.64,-1.15,0.82,16.50,-16.95,-47.40,27.6
2026/04/15 14:26:55.17,IMU,9.28,-10.25,-979.00,-0.18,1.49,-1.50,16.05,-15.60,-47.85,27.5
2026/04/15 14:26:55.27,IMU,2.44,-12.21,-974.61,-2.36,-1.51,1.39,16.50,-17.70,-47.40,27.8
2026/04/15 14:26:55.37,IMU,15.14,-1.95,-972.66,-1.49,-0.11,4.97,17.40,-17.10,-47.85,27.5
2026/04/15 14:26:55.48,IMU,1.46,2.93,-982.91,-0.25,-2.08,-0.45,16.50,-16.95,-48.00,27.6
2026/04/15 14:26:55.58,IMU,15.63,-0.98,-973.14,-0.95,-0.19,-0.48,16.50,-18.00,-48.45,27.8
2026/04/15 14:26:55.68,IMU,9.28,3.42,-984.38,-0.66,0.20,-1.00,16.50,-16.20,-48.45,27.5
2026/04/15 14:26:55.78,IMU,15.63,2.44,-979.49,-2.93,-2.43,1.48,16.65,-16.35,-49.35,27.6
2026/04/15 14:26:55.88,IMU,20.51,10.74,-974.61,-1.70,-0.90,1.34,16.05,-16.35,-47.85,27.6
2026/04/15 14:26:55.98,IMU,9.77,0.98,-976.56,-1.33,-0.05,0.72,15.75,-16.65,-48.45,27.8
2026/04/15 14:26:56.08,IMU,7.32,5.37,-969.73,-1.51,-0.59,1.11,16.95,-16.65,-48.00,27.6
2026/04/15 14:26:56.18,IMU,-1.95,0.00,-978.52,-0.56,-1.76,-0.52,15.15,-16.20,-47.40,27.6
2026/04/15 14:26:56.28,IMU,-3.42,-7.81,-984.86,-1.20,0.56,-0.14,16.35,-17.55,-49.35,27.6
2026/04/15 14:26:56.38,IMU,3.91,0.98,-974.61,-0.46,-0.69,1.15,15.15,-16.65,-48.45,27.6
2026/04/15 14:26:56.48,IMU,7.81,-7.32,-977.05,-0.47,-1.25,0.00,17.10,-16.35,-47.55,27.6
2026/04/15 14:26:56.58,IMU,1.46,7.81,-973.63,-1.76,0.62,-1.23,16.65,-17.55,-49.65,27.8
2026/04/15 14:26:56.68,IMU,18.07,1.95,-981.93,-1.29,-1.15,1.12,15.45,-16.95,-48.75,27.8
2026/04/15 14:26:56.79,IMU,5.86,4.39,-983.89,-1.29,-2.21,1.92,16.20,-16.20,-48.45,27.8
2026/04/15 14:26:56.89,IMU,-7.32,-10.25,-1010.25,-1.77,-0.12,-0.48,16.95,-18.00,-47.70,27.6
2026/04/15 14:26:56.99,IMU,9.28,17.58,-970.21,-0.21,0.58,0.78,14.85,-16.05,-48.30,27.8
2026/04/15 14:26:57.09,IMU,10.74,0.00,-982.42,0.79,0.91,0.66,15.75,-18.00,-48.75,27.5
2026/04/15 14:26:57.19,IMU,-2.93,-0.98,-971.68,-0.03,0.60,-0.13,13.95,-16.65,-47.40,27.5
2026/04/15 14:26:57.29,IMU,17.09,-0.49,-974.12,-0.43,-0.40,-0.14,15.45,-17.70,-48.00,27.6
2026/04/15 14:26:57.39,IMU,-1.95,-1.95,-963.87,-0.74,0.85,1.03,16.20,-18.00,-47.40,27.8
2026/04/15 14:26:57.49,IMU,7.81,-3.91,-971.19,-0.76,-2.89,0.78,16.20,-16.95,-48.75,27.6
2026/04/15 14:26:57.59,IMU,8.30,-3.42,-978.52,-0.98,-0.35,-0.59,15.60,-17.85,-47.85,27.5
2026/04/15 14:26:57.69,IMU,8.79,-15.14,-969.73,-0.30,-1.64,2.04,18.30,-16.65,-47.40,27.7
2026/04/15 14:26:57.79,IMU,16.11,2.93,-976.56,-0.71,-3.09,1.85,13.80,-17.55,-48.30,27.8
2026/04/15 14:26:57.89,IMU,13.18,7.32,-979.98,-0.27,-0.37,-1.08,15.15,-17.70,-48.00,27.8
2026/04/15 14:26:57.99,IMU,10.25,-8.30,-972.17,0.21,-1.27,-0.96,16.35,-16.35,-48.90,27.6
2026/04/15 14:26:58.09,IMU,14.16,2.93,-976.56,-1.74,-0.84,-0.49,17.10,-16.80,-47.85,27.7
2026/04/15 14:26:58.20,IMU,10.25,0.98,-965.33,-1.15,1.04,1.87,16.95,-16.95,-47.70,27.6
2026/04/15 14:26:58.30,IMU,6.35,0.98,-980.47,-0.94,-0.95,-1.14,15.75,-16.20,-49.05,27.6
2026/04/15 14:26:58.40,IMU,7.32,2.93,-984.86,-0.05,-0.51,2.21,15.30,-16.35,-48.90,27.8
2026/04/15 14:26:58.50,IMU,1.95,3.91,-971.68,-0.67,-2.89,1.92,16.20,-16.95,-49.05,27.7
2026/04/15 14:26:58.60,IMU,8.30,-4.39,-979.98,1.24,2.44,-0.89,15.75,-15.45,-47.40,27.7
2026/04/15 14:26:58.70,IMU,5.37,20.02,-970.70,0.79,-0.27,0.30,16.95,-18.45,-48.75,27.8
2026/04/15 14:26:58.80,IMU,-4.88,-0.49,-975.59,-0.89,-1.27,-0.80,15.45,-16.65,-49.50,27.7
2026/04/15 14:26:58.90,IMU,14.16,-1.46,-980.47,-1.13,-0.69,2.29,16.05,-15.60,-48.90,27.6
2026/04/15 14:26:59.00,IMU,0.98,-6.84,-966.80,-0.95,-0.01,3.59,16.05,-17.10,-48.90,27.5
2026/04/15 14:26:59.10,IMU,13.67,-6.84,-976.56,0.41,0.41,0.85,16.65,-15.30,-48.60,27.6
2026/04/15 14:26:59.20,IMU,6.84,-4.39,-975.10,-0.53,-0.51,1.15,16.05,-17.10,-48.30,27.5
2026/04/15 14:26:59.30,IMU,12.21,12.70,-971.19,-1.73,0.97,0.60,16.50,-16.95,-46.65,27.6
2026/04/15 14:26:59.40,IMU,7.81,-3.91,-974.12,-0.65,-1.82,0.22,17.25,-15.90,-46.95,27.7
2026/04/15 14:26:59.51,IMU,0.98,5.37,-973.14,-1.57,0.53,0.11,15.60,-16.05,-47.55,27.5
2026/04/15 14:26:59.61,IMU,2.44,16.60,-983.40,-0.60,1.05,0.99,17.25,-16.65,-49.05,27.6
2026/04/15 14:26:59.71,IMU,9.77,9.77,-979.49,-0.67,0.98,2.02,16.05,-17.55,-47.85,27.6
2026/04/15 14:26:59.81,IMU,6.35,1.95,-975.10,-0.69,-1.59,0.05,15.75,-15.90,-49.05,27.6
2026/04/15 14:26:59.91,IMU,7.81,4.39,-973.14,0.06,-0.75,1.75,14.70,-17.70,-47.40,27.9
2026/04/15 14:27:00.01,IMU,14.65,-1.95,-982.42,0.69,-2.42,-1.17,16.05,-15.60,-48.90,27.6
2026/04/15 14:27:00.11,IMU,9.77,2.44,-976.56,0.77,-1.86,1.69,15.60,-17.55,-47.85,27.8
2026/04/15 14:27:00.21,IMU,13.18,-3.91,-973.63,-0.75,-1.40,0.90,16.05,-17.10,-48.60,27.6
2026/04/15 14:27:00.31,IMU,17.58,9.28,-968.26,-1.32,1.01,1.81,15.75,-17.40,-47.70,27.3
2026/04/15 14:27:00.41,IMU,7.32,0.98,-982.42,-0.09,-1.08,-0.52,14.85,-16.80,-46.80,27.7
2026/04/15 14:27:00.51,IMU,3.42,-1.46,-974.12,-1.22,0.15,-0.42,16.05,-16.05,-47.85,27.5
2026/04/15 14:27:00.61,IMU,18.07,5.37,-983.40,-1.70,-0.10,0.24,16.20,-15.90,-48.00,27.6
2026/04/15 14:27:00.71,IMU,8.30,7.81,-972.17,1.05,0.76,2.85,17.10,-16.80,-47.85,27.8
2026/04/15 14:27:00.82,IMU,-7.32,-4.88,-978.52,-1.37,-2.23,-0.74,16.35,-16.35,-49.95,27.7
2026/04/15 14:27:00.92,IMU,8.30,0.49,-973.14,-0.32,0.33,-0.17,15.45,-16.65,-48.45,27.6
2026/04/15 14:27:01.02,IMU,8.30,4.39,-968.75,-1.60,-1.63,0.92,16.35,-17.10,-47.85,27.9
2026/04/15 14:27:01.12,IMU,11.72,9.77,-970.21,-1.18,0.63,-0.12,16.35,-16.80,-47.55,27.8
2026/04/15 14:27:01.22,IMU,24.90,-2.44,-983.89,-1.84,-0.04,2.05,16.50,-17.40,-48.45,27.6
2026/04/15 14:27:01.32,IMU,-1.46,13.18,-974.12,-2.35,-1.15,-1.39,14.25,-18.60,-45.45,27.8
2026/04/15 14:27:01.42,IMU,8.79,-3.42,-978.52,-0.26,-1.26,0.15,16.35,-17.55,-48.60,27.6
2026/04/15 14:27:01.52,IMU,0.98,0.00,-975.10,-1.47,-1.71,-1.50,15.75,-15.90,-48.45,27.5
2026/04/15 14:27:01.62,IMU,8.30,4.88,-965.33,-1.55,-1.39,-0.69,16.50,-16.65,-48.45,28.0
2026/04/15 14:27:01.72,IMU,17.09,3.91,-986.82,-0.27,-1.32,-0.51,16.05,-16.35,-47.55,27.5
2026/04/15 14:27:01.82,IMU,8.79,-3.91,-977.54,0.16,0.76,-1.37,16.35,-17.10,-47.55,27.8
2026/04/15 14:27:01.92,IMU,-5.86,5.86,-971.68,-0.53,-0.54,-0.44,15.45,-17.40,-47.70,27.5
2026/04/15 14:27:02.02,IMU,18.55,-4.39,-975.59,-2.32,-2.60,2.24,15.45,-16.65,-48.75,27.6
2026/04/15 14:27:02.13,IMU,13.67,7.32,-976.56,-1.18,-1.53,-1.31,16.65,-16.35,-48.30,27.5
2026/04/15 14:27:02.23,IMU,13.67,-4.88,-978.52,-1.11,-2.34,-2.79,15.75,-17.40,-47.70,27.7
2026/04/15 14:27:02.33,IMU,8.79,-1.95,-979.98,-2.45,-0.03,2.07,13.80,-18.30,-45.45,27.8
2026/04/15 14:27:02.43,IMU,0.98,4.39,-978.03,-0.59,-1.11,0.96,17.10,-17.85,-48.30,27.5
2026/04/15 14:27:02.53,IMU,7.81,-11.23,-977.54,-2.43,-1.59,-0.15,16.95,-17.40,-47.70,27.5
2026/04/15 14:27:02.63,IMU,9.28,7.32,-967.77,-2.00,-0.50,0.38,16.05,-16.35,-47.85,27.7
2026/04/15 14:27:02.73,IMU,4.39,2.93,-974.61,-2.11,-0.84,0.78,15.75,-17.70,-47.40,27.6
2026/04/15 14:27:02.83,IMU,5.86,13.67,-982.91,0.30,-0.96,-0.53,14.70,-17.40,-46.35,27.8
2026/04/15 14:27:02.93,IMU,14.65,6.35,-971.19,-0.34,0.39,2.76,16.95,-16.95,-48.75,27.6
2026/04/15 14:27:03.03,IMU,-5.86,-14.16,-975.59,0.12,-0.59,-1.16,16.95,-17.70,-49.05,27.9
2026/04/15 14:27:03.13,IMU,10.25,-5.37,-976.07,-0.79,1.05,-0.66,16.35,-16.05,-47.85,27.8
2026/04/15 14:27:03.23,IMU,5.86,-6.84,-977.54,-0.76,-0.31,-1.41,15.60,-17.85,-48.90,27.8
2026/04/15 14:27:03.34,IMU,2.93,5.86,-963.87,0.36,0.41,0.93,12.00,-20.10,-43.95,27.7
2026/04/15 14:27:03.44,IMU,6.84,-2.44,-977.54,-1.11,1.50,-0.40,16.20,-17.40,-48.00,27.5
2026/04/15 14:27:03.54,IMU,16.11,-2.93,-979.98,-0.15,-0.93,-0.45,15.75,-17.40,-48.45,27.6
2026/04/15 14:27:03.65,IMU,6.84,-5.86,-977.54,-1.79,-3.07,-0.50,15.60,-18.30,-47.85,27.7
2026/04/15 14:27:03.75,IMU,12.21,7.32,-978.52,0.61,-0.97,2.49,18.00,-17.40,-47.40,27.7
2026/04/15 14:27:03.85,IMU,-5.37,18.07,-970.21,-0.89,1.46,-0.21,15.45,-17.40,-48.00,27.6
2026/04/15 14:27:03.95,IMU,12.21,-3.42,-979.98,0.48,-2.03,0.09,16.05,-17.55,-48.60,27.9
2026/04/15 14:27:04.05,IMU,3.42,-0.98,-979.98,0.11,0.04,1.79,16.20,-16.20,-48.00,27.7
2026/04/15 14:27:04.15,IMU,14.16,7.32,-977.05,0.05,0.30,1.14,16.50,-16.65,-47.70,27.5
2026/04/15 14:27:04.25,IMU,12.70,14.16,-984.38,0.18,-1.34,-0.94,17.55,-15.15,-48.75,28.0
2026/04/15 14:27:04.35,IMU,2.44,5.37,-975.10,-0.81,-1.77,1.43,16.50,-16.65,-47.70,27.8
2026/04/15 14:27:04.45,IMU,14.65,-1.95,-977.54,-1.29,-1.06,0.22,16.05,-17.55,-46.80,27.8
2026/04/15 14:27:04.55,IMU,11.23,10.25,-976.07,-1.40,-1.34,0.81,16.05,-17.10,-47.85,27.8
2026/04/15 14:27:04.65,IMU,0.98,10.25,-972.66,-0.35,-1.35,-0.44,16.20,-16.95,-48.75,27.8
2026/04/15 14:27:04.75,IMU,0.98,1.46,-977.05,-0.89,-0.50,0.88,15.60,-17.10,-48.90,27.8
2026/04/15 14:27:04.85,IMU,3.91,9.28,-973.14,-1.92,-0.73,0.23,16.35,-18.30,-48.30,27.5
2026/04/15 14:27:04.96,IMU,2.44,-8.79,-977.05,-0.60,-2.17,-0.34,16.05,-16.35,-48.90,27.7
2026/04/15 14:27:05.06,IMU,2.44,6.84,-963.87,0.19,0.28,0.42,16.35,-16.80,-47.85,27.6
2026/04/15 14:27:05.16,IMU,7.81,8.79,-965.33,-2.23,-0.98,-0.27,15.45,-17.70,-48.75,27.7
2026/04/15 14:27:05.26,IMU,2.44,-3.91,-979.98,0.08,-1.12,2.60,14.85,-17.55,-48.00,27.6
2026/04/15 14:27:05.36,IMU,10.25,-0.49,-983.89,-1.31,-0.09,4.60,15.60,-17.85,-48.30,27.8
2026/04/15 14:27:05.46,IMU,0.00,11.23,-959.96,-1.15,-1.92,1.00,15.45,-16.20,-48.75,27.8
2026/04/15 14:27:05.56,IMU,18.55,3.91,-968.75,-0.45,-1.80,1.74,16.20,-17.70,-48.00,27.8
2026/04/15 14:27:05.66,IMU,7.81,0.98,-979.98,0.20,-1.34,-1.65,16.35,-16.05,-48.30,27.6
2026/04/15 14:27:05.76,IMU,-7.81,-5.86,-971.68,0.28,-3.37,-0.11,16.05,-17.85,-46.50,27.5
2026/04/15 14:27:05.86,IMU,1.95,2.93,-980.47,-1.20,1.81,2.73,16.35,-16.05,-47.55,27.9
2026/04/15 14:27:05.96,IMU,7.81,0.98,-972.66,-0.66,1.21,0.21,16.20,-16.65,-48.00,27.6
2026/04/15 14:27:06.06,IMU,8.30,0.98,-976.56,0.02,0.19,-0.68,15.30,-16.05,-47.10,27.8
2026/04/15 14:27:06.16,IMU,-5.86,5.37,-979.49,-1.87,0.16,0.82,16.50,-15.90,-47.40,27.9
2026/04/15 14:27:06.27,IMU,5.86,14.65,-978.03,-0.48,0.32,-0.82,17.25,-16.95,-47.70,27.9
2026/04/15 14:27:06.37,IMU,6.84,-3.91,-969.73,-1.44,0.35,-0.44,15.60,-16.05,-48.30,27.8
2026/04/15 14:27:06.47,IMU,0.49,3.42,-977.05,-0.85,-1.05,-1.30,16.05,-15.60,-47.55,27.3
2026/04/15 14:27:06.57,IMU,14.16,8.30,-971.68,-0.32,1.66,0.59,16.20,-16.95,-48.00,27.6
2026/04/15 14:27:06.67,IMU,14.16,5.86,-981.45,-1.63,-1.63,0.93,16.50,-16.95,-47.70,27.7
2026/04/15 14:27:06.77,IMU,13.18,6.35,-972.17,-1.10,-0.98,2.22,16.05,-16.05,-47.85,27.6
2026/04/15 14:27:06.87,IMU,6.84,5.37,-977.05,-0.51,0.44,-1.12,16.95,-16.95,-48.75,27.7
2026/04/15 14:27:06.97,IMU,10.74,6.84,-976.07,-0.04,-1.49,-0.82,16.95,-16.65,-48.75,27.7
2026/04/15 14:27:07.07,IMU,12.21,6.35,-977.54,-0.04,0.22,2.44,15.75,-17.40,-46.65,27.7
2026/04/15 14:27:07.17,IMU,5.86,-14.65,-974.61,-0.89,-1.40,-0.27,14.70,-16.65,-48.00,27.9
2026/04/15 14:27:07.27,IMU,8.79,9.77,-978.03,-0.24,-0.55,-0.40,16.35,-16.80,-47.85,27.8
2026/04/15 14:27:07.37,IMU,24.90,4.39,-967.77,-0.83,-4.08,-0.12,15.60,-16.80,-47.10,27.7
2026/04/15 14:27:07.47,IMU,16.11,14.16,-970.70,1.18,-0.62,0.50,16.20,-18.45,-48.00,27.6
2026/04/15 14:27:07.58,IMU,14.16,-0.98,-974.12,-1.43,-1.27,-0.80,16.50,-16.95,-48.45,27.8
2026/04/15 14:27:07.68,IMU,-5.86,13.18,-978.52,-1.21,-0.19,-2.60,14.70,-16.95,-49.80,27.7
2026/04/15 14:27:07.78,IMU,11.72,12.21,-985.35,-0.71,-0.95,0.76,16.50,-16.20,-48.00,27.9
2026/04/15 14:27:07.88,IMU,4.88,-2.44,-982.42,-0.39,-1.53,-1.32,15.15,-17.70,-48.45,27.7
2026/04/15 14:27:07.98,IMU,1.95,5.37,-979.00,0.03,-2.80,-1.55,14.40,-15.15,-48.45,27.8
2026/04/15 14:27:08.08,IMU,7.81,-6.35,-975.59,-0.47,0.42,1.24,17.10,-16.80,-48.90,27.8
2026/04/15 14:27:08.18,IMU,-3.42,0.49,-984.86,-1.02,0.83,-1.68,15.60,-17.85,-48.30,27.8
2026/04/15 14:27:08.28,IMU,8.79,-10.25,-985.35,0.61,-1.73,0.95,15.30,-17.10,-48.30,27.5
2026/04/15 14:27:08.38,IMU,8.30,2.93,-970.21,-2.88,0.16,1.87,15.45,-18.00,-47.70,27.8
2026/04/15 14:27:08.48,IMU,4.88,-3.42,-963.87,-0.98,-0.07,3.33,15.60,-17.10,-49.35,27.7
2026/04/15 14:27:08.58,IMU,3.91,-1.95,-985.84,-2.29,0.03,-2.21,16.65,-15.60,-48.30,27.6
2026/04/15 14:27:08.68,IMU,-7.81,-8.79,-974.12,-1.34,-0.13,1.71,16.20,-16.65,-48.45,27.6
2026/04/15 14:27:08.78,IMU,-0.49,3.42,-979.49,0.92,-2.67,0.31,16.20,-16.95,-47.70,27.7
2026/04/15 14:27:08.88,IMU,-3.91,6.84,-977.54,-0.33,1.11,1.05,16.05,-17.55,-48.90,27.5
2026/04/15 14:27:08.99,IMU,0.98,5.86,-981.93,-0.15,-1.17,-0.75,16.20,-17.70,-47.40,27.7
2026/04/15 14:27:09.09,IMU,9.28,0.00,-972.17,0.19,-1.18,0.00,16.35,-16.05,-49.95,27.7
2026/04/15 14:27:09.19,IMU,5.37,-1.46,-972.66,-1.85,-0.79,2.16,15.75,-16.20,-48.00,27.5
2026/04/15 14:27:09.29,IMU,4.39,5.37,-983.89,0.21,0.29,-1.65,16.50,-16.95,-47.40,27.9
2026/04/15 14:27:09.39,IMU,6.35,8.30,-977.54,0.50,-0.40,-3.29,17.10,-17.10,-47.85,27.8
2026/04/15 14:27:09.49,IMU,17.58,-6.84,-985.84,1.73,-0.58,-0.37,16.20,-18.00,-48.45,27.7
2026/04/15 14:27:09.59,IMU,16.11,1.95,-976.07,-0.47,-3.02,0.53,16.05,-17.55,-47.85,27.6
2026/04/15 14:27:09.69,IMU,16.11,-7.32,-981.93,-2.85,-0.48,1.29,17.10,-16.35,-48.30,28.1
2026/04/15 14:27:09.79,IMU,-4.88,9.77,-974.12,-1.64,-0.27,0.66,15.15,-16.65,-49.50,27.8
2026/04/15 14:27:09.89,IMU,7.81,9.77,-989.26,-2.78,-1.90,-1.47,15.15,-18.45,-47.70,27.7
2026/04/15 14:27:09.99,IMU,5.86,5.86,-958.01,0.08,0.47,2.49,15.30,-16.05,-48.30,27.6
2026/04/15 14:27:10.09,IMU,-5.37,12.70,-970.21,-1.93,1.03,-0.03,16.20,-16.65,-47.40,27.8
2026/04/15 14:27:10.19,IMU,0.00,1.95,-983.40,0.68,-0.05,-0.60,16.65,-19.05,-48.30,27.6
2026/04/15 14:27:10.30,IMU,8.30,-5.37,-964.84,-0.65,1.40,-1.40,17.85,-17.10,-47.10,27.8
2026/04/15 14:27:10.40,IMU,5.86,4.39,-963.87,-1.48,-1.46,0.44,17.55,-17.40,-49.05,27.8
2026/04/15 14:27:10.50,IMU,-2.44,16.60,-972.17,0.00,0.60,-0.09,11.10,-19.20,-42.45,27.8
2026/04/15 14:27:10.60,IMU,6.84,-6.35,-982.42,0.56,-1.45,0.25,16.20,-15.45,-48.00,27.6
2026/04/15 14:27:10.70,IMU,-3.42,1.95,-971.19,-0.76,-0.73,-0.82,16.50,-17.70,-49.05,27.6
2026/04/15 14:27:10.80,IMU,7.32,4.39,-967.29,-2.18,-1.06,0.50,16.95,-16.65,-47.40,27.7
2026/04/15 14:27:10.90,IMU,10.25,9.28,-978.52,-0.50,-0.99,0.38,16.50,-17.40,-47.40,27.5
2026/04/15 14:27:11.00,IMU,-3.91,7.32,-973.63,0.58,-1.44,0.30,15.60,-17.85,-48.30,27.5
2026/04/15 14:27:11.10,IMU,-9.28,4.39,-973.14,-1.61,-0.91,0.02,15.45,-17.40,-47.70,27.8
2026/04/15 14:27:11.20,IMU,6.84,6.84,-979.49,-1.24,-0.69,0.68,15.15,-17.70,-47.40,27.5
2026/04/15 14:27:11.30,IMU,-1.95,0.98,-987.79,-1.11,0.65,-2.02,17.55,-16.95,-48.00,28.0
2026/04/15 14:27:11.40,IMU,2.93,3.91,-978.52,-0.41,-0.47,-1.44,15.60,-17.55,-48.90,27.9
2026/04/15 14:27:11.51,IMU,6.35,-0.98,-978.03,-2.07,-2.00,0.91,13.80,-16.80,-43.95,27.5
2026/04/15 14:27:11.61,IMU,7.81,-1.95,-975.10,-2.94,-2.79,1.97,14.85,-17.10,-48.30,27.6
2026/04/15 14:27:11.71,IMU,9.77,2.93,-979.00,0.67,-0.53,-1.05,14.70,-16.20,-48.00,27.7
2026/04/15 14:27:11.81,IMU,14.16,2.93,-977.54,-0.77,-1.95,-0.39,15.45,-16.20,-48.75,28.0
2026/04/15 14:27:11.91,IMU,2.93,-0.49,-984.38,-1.85,-0.10,-1.69,16.35,-16.35,-47.55,27.8
2026/04/15 14:27:12.01,IMU,4.88,1.46,-966.80,-0.22,0.45,-1.27,17.85,-16.35,-47.55,27.9
2026/04/15 14:27:12.11,IMU,-0.49,5.37,-978.03,-1.21,0.47,-1.51,14.55,-17.55,-48.60,27.9
2026/04/15 14:27:12.21,IMU,12.21,14.16,-972.66,0.98,1.09,3.87,16.35,-15.60,-47.10,27.8
2026/04/15 14:27:12.31,IMU,0.00,9.28,-974.61,0.10,-1.79,0.87,15.75,-17.40,-48.00,27.9
2026/04/15 14:27:12.41,IMU,2.93,-3.91,-977.05,0.08,0.42,3.09,15.30,-16.80,-47.10,27.6
2026/04/15 14:27:12.52,IMU,9.77,-4.88,-975.59,-1.37,-0.15,-1.93,11.25,-19.35,-43.65,27.9
2026/04/15 14:27:12.62,IMU,9.28,-5.37,-975.59,-0.77,-1.49,-0.05,15.75,-16.95,-48.45,27.9
2026/04/15 14:27:12.72,IMU,4.39,10.74,-975.10,-2.51,0.34,1.32,16.20,-17.40,-48.00,27.8
2026/04/15 14:27:12.82,IMU,6.35,-0.49,-981.93,-1.12,-2.34,-1.32,15.60,-17.10,-47.55,27.5
2026/04/15 14:27:12.92,IMU,12.70,-7.32,-974.61,-0.52,2.22,-0.08,16.05,-16.35,-48.90,27.9
2026/04/15 14:27:13.02,IMU,0.49,-2.44,-964.84,-1.73,-0.76,2.21,16.05,-17.85,-48.60,27.6
2026/04/15 14:27:13.12,IMU,12.21,3.91,-977.54,-1.24,-1.29,-2.50,15.45,-16.95,-48.00,27.6
2026/04/15 14:27:13.22,IMU,3.42,-8.79,-979.49,-0.53,0.54,-0.17,16.20,-16.95,-48.00,27.7
2026/04/15 14:27:13.33,IMU,5.86,-2.44,-993.65,1.31,0.45,-0.73,16.95,-17.70,-48.00,27.9
2026/04/15 14:27:13.43,IMU,19.04,1.95,-981.93,0.41,1.39,-0.02,15.60,-17.85,-48.60,27.5
2026/04/15 14:27:13.53,IMU,9.77,-0.49,-971.19,-3.80,1.39,-0.36,16.20,-16.20,-47.70,27.8
2026/04/15 14:27:13.63,IMU,2.44,-1.95,-980.47,-2.22,-1.46,0.73,14.85,-18.30,-49.35,27.5
2026/04/15 14:27:13.73,IMU,-2.44,4.88,-964.36,-0.89,-3.48,-0.73,16.65,-16.80,-48.90,27.6
2026/04/15 14:27:13.83,IMU,8.30,7.81,-972.66,-1.76,-0.36,0.45,13.80,-17.85,-47.85,27.7
2026/04/15 14:27:13.93,IMU,2.44,5.86,-977.54,-0.48,0.25,0.38,15.45,-18.75,-48.00,27.7
2026/04/15 14:27:14.03,IMU,5.86,8.79,-981.45,-0.78,-1.68,-1.11,17.25,-16.95,-46.65,27.9
2026/04/15 14:27:14.13,IMU,4.39,7.81,-970.21,-0.41,-1.98,-2.91,14.85,-16.80,-47.55,27.7
2026/04/15 14:27:14.23,IMU,6.35,-1.46,-988.77,-0.22,-1.13,1.21,17.40,-17.10,-49.35,27.8
2026/04/15 14:27:14.33,IMU,9.77,-1.95,-978.52,0.29,-0.29,1.98,17.10,-16.80,-47.85,28.0
2026/04/15 14:27:14.43,IMU,1.46,14.65,-975.10,-0.15,-0.96,2.79,17.25,-18.00,-48.00,28.0
2026/04/15 14:27:14.53,IMU,-7.32,0.49,-976.56,-0.81,-1.76,1.56,16.95,-17.40,-47.40,28.0
2026/04/15 14:27:14.64,IMU,7.32,3.42,-970.21,-0.18,-0.02,-0.88,16.35,-17.10,-47.55,28.0
2026/04/15 14:27:14.74,IMU,9.77,2.44,-976.56,0.29,-1.98,-1.88,13.95,-16.95,-47.70,27.9
2026/04/15 14:27:14.84,IMU,0.00,6.35,-969.24,-1.98,0.33,-0.76,16.05,-17.10,-48.30,28.0
2026/04/15 14:27:14.94,IMU,11.72,-6.84,-965.33,0.03,-0.10,-2.22,15.60,-16.35,-47.85,27.8
2026/04/15 14:27:15.04,IMU,-0.49,7.81,-977.05,-1.47,-0.77,-0.76,15.45,-16.95,-48.75,27.7
2026/04/15 14:27:15.14,IMU,-6.35,2.93,-983.89,-1.11,0.27,3.05,16.95,-16.95,-48.00,28.0
2026/04/15 14:27:15.24,IMU,11.23,6.84,-977.54,-1.63,-0.03,-1.71,16.05,-16.35,-47.55,27.8
2026/04/15 14:27:15.34,IMU,-2.93,10.74,-973.63,0.50,-0.56,2.50,17.10,-16.35,-47.10,27.6
2026/04/15 14:27:15.44,IMU,19.53,2.44,-971.68,-1.44,-1.24,0.92,15.75,-16.65,-48.45,27.6
2026/04/15 14:27:15.54,IMU,-1.95,-6.84,-981.93,-2.27,-2.54,0.81,16.50,-17.70,-48.45,28.0
2026/04/15 14:27:15.64,IMU,2.93,6.35,-978.03,-0.66,-0.29,0.18,16.20,-16.20,-48.45,27.9
2026/04/15 14:27:15.74,IMU,2.93,19.04,-981.45,0.05,0.44,1.11,15.60,-16.80,-47.10,27.9
2026/04/15 14:27:15.84,IMU,17.58,8.30,-977.05,0.04,-0.64,0.28,15.30,-16.05,-48.30,28.0
2026/04/15 14:27:15.94,IMU,0.49,0.00,-979.49,-0.69,-0.06,1.47,14.85,-17.55,-47.55,27.5
2026/04/15 14:27:16.05,IMU,7.81,-7.32,-978.52,-0.79,-1.36,0.73,15.15,-18.45,-48.75,27.5
2026/04/15 14:27:16.15,IMU,1.95,4.39,-980.47,-0.53,-2.79,1.82,15.60,-16.80,-47.85,27.7
2026/04/15 14:27:16.25,IMU,-3.42,6.35,-984.86,0.76,-0.78,-0.54,17.40,-17.55,-48.30,27.9
2026/04/15 14:27:16.35,IMU,1.46,-2.93,-973.14,-0.76,-0.93,0.26,15.75,-16.65,-47.40,27.9
2026/04/15 14:27:16.45,IMU,4.39,-8.79,-985.84,-0.85,-1.31,-1.42,15.45,-15.90,-47.70,27.8
2026/04/15 14:27:16.55,IMU,9.77,-1.46,-984.38,0.79,0.07,1.87,15.75,-16.20,-48.75,27.9
2026/04/15 14:27:16.65,IMU,15.14,-0.98,-972.66,-1.97,0.79,-0.28,16.20,-18.00,-48.75,28.0
2026/04/15 14:27:16.75,IMU,11.72,-9.28,-965.33,-0.53,1.14,0.15,16.05,-16.05,-48.30,27.5
2026/04/15 14:27:16.85,IMU,3.91,4.88,-968.26,-3.13,-0.34,0.47,14.85,-16.05,-47.10,27.9
2026/04/15 14:27:16.95,IMU,0.00,-1.95,-978.03,-0.81,0.00,1.35,15.45,-16.65,-47.40,27.8
2026/04/15 14:27:17.05,IMU,7.32,5.86,-973.63,0.15,-3.22,-0.14,16.50,-16.65,-48.00,27.8
2026/04/15 14:27:17.15,IMU,6.35,8.79,-974.61,-1.53,-0.11,1.10,16.50,-18.00,-48.45,27.6
2026/04/15 14:27:17.26,IMU,0.49,-1.46,-970.21,-0.40,-1.88,-0.38,16.20,-16.65,-46.95,27.7
2026/04/15 14:27:17.36,IMU,-1.95,6.84,-973.14,-1.19,2.08,-0.33,15.75,-17.40,-47.70,27.9
2026/04/15 14:27:17.46,IMU,0.49,6.84,-974.61,-0.75,-0.37,1.89,15.75,-17.40,-48.00,27.8
2026/04/15 14:27:17.56,IMU,14.65,12.70,-977.05,-1.44,1.08,0.52,15.60,-16.35,-47.85,27.8
2026/04/15 14:27:17.66,IMU,-0.49,-0.98,-971.19,-0.89,-0.40,0.33,14.70,-17.40,-47.40,27.9
2026/04/15 14:27:17.76,IMU,2.93,7.32,-973.14,-2.25,2.05,0.24,17.85,-17.55,-48.60,27.8
2026/04/15 14:27:17.86,IMU,18.55,-2.93,-987.79,-1.30,-3.28,1.26,16.05,-17.70,-49.05,28.0
2026/04/15 14:27:17.96,IMU,5.37,-0.98,-977.54,-0.14,-0.73,0.46,16.50,-17.40,-47.70,27.8
2026/04/15 14:27:18.06,IMU,11.23,8.30,-970.70,-1.34,-2.23,-0.36,15.60,-15.30,-47.55,27.7
2026/04/15 14:27:18.16,IMU,-1.95,-3.91,-976.07,-0.57,-1.77,-0.05,14.85,-16.80,-48.90,27.5
2026/04/15 14:27:18.26,IMU,7.81,-3.42,-982.42,-0.43,-1.40,-0.36,16.50,-15.90,-46.65,27.8
2026/04/15 14:27:18.36,IMU,-1.46,13.18,-979.98,-0.65,-2.44,0.17,15.75,-18.45,-49.05,27.6
2026/04/15 14:27:18.46,IMU,9.77,-5.37,-980.47,-0.21,0.26,-0.31,16.05,-17.10,-47.10,28.0
2026/04/15 14:27:18.56,IMU,10.74,0.98,-963.87,-0.85,0.24,1.76,16.35,-17.55,-46.50,27.6
2026/04/15 14:27:18.67,IMU,12.70,13.67,-974.12,-0.85,-0.93,0.92,15.75,-17.70,-48.75,27.9
2026/04/15 14:27:18.77,IMU,2.44,-4.39,-976.56,-1.58,1.62,-0.24,16.05,-17.10,-49.35,27.6
2026/04/15 14:27:18.87,IMU,8.79,6.84,-971.19,0.40,-1.59,1.56,16.20,-16.65,-47.70,27.5
2026/04/15 14:27:18.97,IMU,5.86,-4.88,-980.47,-0.41,2.26,-0.68,15.75,-16.95,-47.70,27.6
2026/04/15 14:27:19.07,IMU,2.44,-1.95,-980.96,-0.98,0.28,-1.21,16.05,-16.35,-47.85,27.6
2026/04/15 14:27:19.17,IMU,15.14,3.91,-976.07,0.19,-0.89,0.05,15.75,-17.40,-48.00,28.0
2026/04/15 14:27:19.27,IMU,3.42,1.95,-965.33,-0.56,-0.27,-0.54,16.05,-16.35,-47.55,27.8
2026/04/15 14:27:19.37,IMU,5.86,6.84,-977.05,-0.79,-1.47,0.26,17.25,-16.20,-48.45,27.9
2026/04/15 14:27:19.47,IMU,14.65,2.93,-974.12,-0.02,0.20,-1.39,16.35,-17.85,-47.55,27.8
2026/04/15 14:27:19.57,IMU,12.70,6.35,-973.63,-0.44,0.28,0.09,16.95,-16.20,-47.40,27.9
2026/04/15 14:27:19.67,IMU,7.81,9.28,-961.91,-0.03,0.64,1.17,14.25,-18.60,-44.70,27.8
2026/04/15 14:27:19.77,IMU,2.93,-5.86,-981.93,-0.15,1.45,-1.26,16.05,-17.10,-49.95,27.6
2026/04/15 14:27:19.87,IMU,20.02,6.35,-972.66,-1.02,-0.60,-0.66,16.05,-16.80,-47.85,27.8
2026/04/15 14:27:19.98,IMU,-4.39,-3.42,-972.66,0.60,-1.42,-1.09,15.75,-17.70,-46.65,27.8
2026/04/15 14:27:20.08,IMU,10.25,-6.35,-980.96,-1.73,-1.69,1.77,17.10,-17.10,-48.30,27.9
2026/04/15 14:27:20.18,IMU,8.79,13.67,-972.17,-3.52,0.98,-0.99,15.15,-18.00,-48.00,28.0
2026/04/15 14:27:20.28,IMU,18.55,0.49,-975.10,-0.70,-2.21,-1.51,15.45,-17.40,-48.00,27.9
2026/04/15 14:27:20.38,IMU,23.44,6.35,-969.24,-3.02,-0.34,1.41,16.20,-16.20,-48.45,27.8
2026/04/15 14:27:20.48,IMU,11.23,-1.46,-979.98,-1.73,0.15,-0.44,16.05,-18.30,-49.35,27.9
2026/04/15 14:27:20.58,IMU,7.32,-8.30,-981.45,-1.05,-1.62,1.30,15.60,-16.05,-49.35,27.7
2026/04/15 14:27:20.68,IMU,7.32,16.11,-975.59,-0.51,1.46,-0.16,14.25,-17.55,-46.50,27.9
2026/04/15 14:27:20.78,IMU,10.25,8.79,-978.52,-1.51,0.62,0.85,14.55,-18.60,-46.05,27.6
2026/04/15 14:27:20.88,IMU,10.25,-8.79,-965.82,-0.47,-0.08,0.72,16.05,-17.10,-46.05,27.8
2026/04/15 14:27:20.98,IMU,1.46,0.49,-983.89,-0.60,2.12,1.01,15.45,-16.95,-47.40,27.6
2026/04/15 14:27:21.08,IMU,13.67,1.46,-972.66,0.27,-1.50,-0.65,15.60,-16.35,-48.30,27.7
2026/04/15 14:27:21.18,IMU,-8.79,-0.49,-966.31,-3.58,1.09,-0.66,15.60,-16.80,-47.85,27.8
2026/04/15 14:27:21.29,IMU,0.98,1.46,-977.54,1.54,-1.22,-1.69,15.75,-16.20,-48.45,27.6
2026/04/15 14:27:21.39,IMU,0.49,8.30,-966.31,-0.17,-1.42,2.13,16.65,-16.80,-48.60,27.8
2026/04/15 14:27:21.49,IMU,-2.44,-5.86,-988.28,0.78,0.60,-2.11,16.35,-16.35,-47.85,27.8
2026/04/15 14:27:21.59,IMU,12.21,-7.32,-972.66,-0.58,-2.12,2.44,16.95,-16.95,-48.75,27.6
2026/04/15 14:27:21.70,IMU,12.70,-5.86,-973.14,0.54,-0.40,2.40,13.80,-18.30,-43.35,27.8
2026/04/15 14:27:21.80,IMU,19.53,4.39,-978.03,-1.04,0.76,0.30,16.35,-17.10,-47.85,27.6
2026/04/15 14:27:21.90,IMU,7.81,0.98,-975.10,-0.75,-0.04,0.28,15.75,-17.40,-47.40,27.8
2026/04/15 14:27:22.00,IMU,12.70,-8.79,-972.66,-0.73,-0.04,-0.43,15.75,-16.20,-49.05,27.7
2026/04/15 14:27:22.10,IMU,14.65,0.98,-972.66,-1.52,3.32,-1.19,16.50,-16.95,-47.40,27.8
2026/04/15 14:27:22.20,IMU,1.95,3.42,-970.70,-1.18,-0.42,0.27,17.25,-18.45,-47.70,27.7
2026/04/15 14:27:22.30,IMU,-4.39,6.84,-986.82,-0.24,-2.22,0.39,17.40,-16.80,-48.30,27.8
2026/04/15 14:27:22.40,IMU,2.44,-4.39,-968.26,-0.52,-0.81,-0.68,15.75,-16.95,-48.00,27.6
2026/04/15 14:27:22.50,IMU,-1.95,10.74,-975.59,-1.04,-0.34,-0.53,15.60,-16.35,-46.50,27.9
2026/04/15 14:27:22.60,IMU,8.30,-2.93,-977.54,-0.56,-0.15,-0.28,16.20,-16.95,-48.45,27.9
2026/04/15 14:27:22.70,IMU,13.18,-8.79,-967.77,-2.26,0.73,-0.18,15.30,-17.10,-48.30,28.0
2026/04/15 14:27:22.80,IMU,20.51,1.46,-972.17,1.17,-1.90,-0.44,17.10,-16.35,-47.55,28.0
2026/04/15 14:27:22.91,IMU,6.84,3.42,-977.05,-1.10,0.39,0.39,17.10,-15.60,-46.50,28.1
2026/04/15 14:27:23.01,IMU,21.97,1.95,-973.14,0.07,-0.40,-0.32,16.50,-16.20,-48.45,27.9
2026/04/15 14:27:23.11,IMU,1.95,0.00,-971.19,-0.63,0.76,0.53,16.20,-17.40,-48.45,27.8
2026/04/15 14:27:23.21,IMU,8.79,5.37,-983.40,-1.57,-0.56,2.83,15.45,-16.65,-48.75,27.9
2026/04/15 14:27:23.31,IMU,-0.49,3.91,-973.14,-0.94,-1.63,0.37,14.70,-17.40,-48.75,27.5
2026/04/15 14:27:23.41,IMU,14.65,-16.60,-968.26,-1.06,-1.98,-0.16,16.50,-16.20,-47.40,27.6
2026/04/15 14:27:23.51,IMU,10.74,9.28,-976.56,0.38,-0.19,-2.24,16.05,-17.55,-48.30,27.6
2026/04/15 14:27:23.61,IMU,5.86,-4.39,-976.07,-2.90,-2.96,4.01,14.70,-16.65,-47.70,27.6
2026/04/15 14:27:23.71,IMU,13.67,3.91,-977.54,-0.61,-2.07,-0.69,16.05,-16.80,-47.55,27.8
2026/04/15 14:27:23.81,IMU,4.39,5.37,-975.10,-1.62,-1.42,1.07,16.50,-17.70,-47.70,28.1
2026/04/15 14:27:23.91,IMU,13.18,-4.88,-975.10,-1.27,0.69,0.31,17.40,-17.10,-48.90,27.7
2026/04/15 14:27:24.01,IMU,1.95,-9.28,-965.33,-1.01,-1.04,0.82,17.25,-18.45,-48.45,27.9
2026/04/15 14:27:24.11,IMU,14.16,0.49,-971.19,-1.56,-0.60,-0.56,17.40,-17.10,-47.10,27.8
2026/04/15 14:27:24.22,IMU,7.81,2.93,-974.61,-2.60,-0.53,1.13,15.60,-15.30,-48.60,27.6
2026/04/15 14:27:24.32,IMU,8.30,-3.42,-975.59,0.26,1.79,1.23,15.15,-17.40,-48.75,27.9
2026/04/15 14:27:24.42,IMU,-17.58,-4.39,-974.12,-1.05,0.43,-0.32,16.95,-18.75,-48.45,27.7
2026/04/15 14:27:24.52,IMU,21.00,6.84,-979.49,-1.07,-0.53,1.09,17.10,-17.55,-49.35,28.0
2026/04/15 14:27:24.62,IMU,15.63,4.88,-960.94,-1.36,-0.92,0.40,14.70,-16.65,-48.45,27.8
2026/04/15 14:27:24.72,IMU,4.88,-18.07,-974.12,-0.31,0.41,2.38,15.15,-18.00,-48.45,28.0
2026/04/15 14:27:24.82,IMU,-6.35,10.74,-978.03,0.23,-0.12,0.23,15.60,-17.10,-47.55,27.5
2026/04/15 14:27:24.92,IMU,7.81,-2.44,-976.56,-1.11,-1.40,0.92,15.75,-18.45,-49.50,27.7
2026/04/15 14:27:25.02,IMU,6.84,-1.95,-981.93,-0.46,-1.59,-0.76,16.35,-16.05,-46.80,27.9
2026/04/15 14:27:25.12,IMU,8.79,-5.86,-971.19,-1.01,1.08,-1.18,16.05,-17.55,-46.80,27.9
2026/04/15 14:27:25.22,IMU,2.44,10.25,-970.21,-1.08,-2.13,-2.70,16.35,-17.55,-47.55,27.8
2026/04/15 14:27:25.32,IMU,1.95,6.35,-970.21,-0.88,-1.67,2.21,16.35,-16.80,-47.10,27.9
2026/04/15 14:27:25.42,IMU,11.72,-6.35,-970.21,-0.11,-1.55,1.21,16.35,-17.10,-48.30,27.9
2026/04/15 14:27:25.53,IMU,0.98,4.88,-982.91,-1.80,1.13,0.08,14.85,-17.85,-48.30,27.8
2026/04/15 14:27:25.63,IMU,2.93,0.98,-968.75,-0.02,-0.47,2.27,14.85,-17.10,-47.85,27.9
2026/04/15 14:27:25.73,IMU,2.93,8.79,-981.45,0.61,0.53,-0.43,16.20,-15.90,-46.95,27.9
2026/04/15 14:27:25.83,IMU,8.30,-1.95,-974.12,-1.57,-0.85,2.18,14.85,-17.10,-49.95,27.9
2026/04/15 14:27:25.93,IMU,5.86,1.95,-980.47,-1.59,0.05,3.19,15.45,-16.95,-47.40,28.0
2026/04/15 14:27:26.03,IMU,5.37,-2.44,-969.24,-0.13,-0.69,-0.34,15.60,-16.35,-47.85,27.8
2026/04/15 14:27:26.13,IMU,8.79,2.93,-968.75,-1.92,2.27,2.31,16.35,-16.35,-47.85,27.9
2026/04/15 14:27:26.23,IMU,10.25,-4.88,-988.77,0.31,-1.60,-1.44,15.30,-16.80,-48.90,27.7
2026/04/15 14:27:26.33,IMU,7.81,-7.32,-975.59,0.85,-1.34,-0.02,16.05,-15.60,-48.30,27.8
2026/04/15 14:27:26.43,IMU,-2.93,5.37,-968.26,0.44,0.08,-0.22,16.65,-17.10,-47.10,27.8
2026/04/15 14:27:26.53,IMU,20.02,-4.39,-968.26,-0.79,-3.44,0.26,15.15,-16.95,-48.00,27.8
2026/04/15 14:27:26.63,IMU,-2.44,-6.35,-979.98,0.15,1.56,0.08,15.45,-18.00,-47.70,27.9
2026/04/15 14:27:26.73,IMU,-4.88,-7.32,-980.96,-1.28,-0.49,-1.82,16.35,-16.80,-47.85,27.4
2026/04/15 14:27:26.84,IMU,2.93,3.91,-966.31,-2.28,-0.81,1.03,16.95,-16.20,-47.40,27.6
2026/04/15 14:27:26.94,IMU,5.37,3.42,-977.54,0.38,-1.01,2.59,16.05,-17.55,-48.30,27.5
2026/04/15 14:27:27.04,IMU,13.18,-5.86,-973.14,-0.25,1.09,-0.37,17.25,-16.65,-48.00,28.0
2026/04/15 14:27:27.14,IMU,4.39,-8.30,-977.54,-1.11,-2.56,0.44,16.05,-15.60,-48.60,27.7
2026/04/15 14:27:27.24,IMU,-5.37,-0.49,-978.52,-1.91,-0.49,1.05,16.05,-16.80,-47.85,27.6
2026/04/15 14:27:27.34,IMU,-0.98,5.86,-980.47,-0.31,-1.60,-0.34,16.95,-17.40,-47.40,27.8
2026/04/15 14:27:27.44,IMU,7.32,-8.79,-977.54,0.06,-0.98,0.31,15.75,-15.45,-46.95,27.8
2026/04/15 14:27:27.54,IMU,9.77,10.25,-976.56,-0.37,1.12,-1.45,14.85,-16.80,-48.30,28.0
2026/04/15 14:27:27.64,IMU,21.00,1.46,-988.77,-0.29,-0.35,1.94,14.70,-16.65,-48.45,28.0
2026/04/15 14:27:27.74,IMU,2.93,0.00,-968.75,-2.47,1.50,-0.80,16.65,-16.80,-47.85,28.0
2026/04/15 14:27:27.84,IMU,15.14,4.88,-975.59,0.54,-0.55,1.48,17.10,-15.30,-48.60,28.0
2026/04/15 14:27:27.94,IMU,3.42,0.98,-976.07,-0.65,-1.27,0.93,15.15,-17.40,-48.00,28.0
2026/04/15 14:27:28.04,IMU,10.74,-5.37,-981.45,-1.89,0.50,0.56,16.35,-16.80,-48.30,27.8
2026/04/15 14:27:28.15,IMU,18.07,1.95,-975.59,-0.47,-2.27,-1.02,16.20,-17.70,-48.45,27.9
2026/04/15 14:27:28.25,IMU,8.79,-1.95,-974.61,-1.64,-0.21,-1.47,16.20,-16.65,-47.70,27.9
2026/04/15 14:27:28.35,IMU,3.91,-7.32,-971.68,-0.91,0.70,0.49,16.20,-16.20,-48.45,28.0
2026/04/15 14:27:28.45,IMU,-7.32,7.32,-970.21,0.04,0.24,-2.76,16.50,-17.40,-47.40,27.9
2026/04/15 14:27:28.55,IMU,8.79,3.91,-972.66,-0.50,0.21,1.56,14.70,-16.95,-49.50,27.8
2026/04/15 14:27:28.65,IMU,5.37,-2.93,-975.10,-1.02,1.82,0.95,15.75,-16.95,-47.70,28.0
2026/04/15 14:27:28.75,IMU,-18.07,1.95,-970.21,-0.71,0.66,0.37,16.50,-16.65,-47.70,28.0
2026/04/15 14:27:28.85,IMU,5.37,3.42,-980.96,-0.31,-0.04,3.93,13.80,-18.60,-45.00,28.0
2026/04/15 14:27:28.95,IMU,7.32,8.30,-966.31,-1.39,0.75,3.76,15.15,-17.40,-48.45,27.9
2026/04/15 14:27:29.05,IMU,10.74,-0.49,-963.87,-2.29,-0.88,-0.47,15.60,-17.55,-48.90,27.6
2026/04/15 14:27:29.15,IMU,3.91,-2.93,-971.19,-0.72,-1.31,-0.86,16.35,-17.55,-48.60,28.0
2026/04/15 14:27:29.25,IMU,4.88,2.93,-956.54,-0.85,-2.73,-0.58,15.60,-16.80,-49.35,27.5
2026/04/15 14:27:29.35,IMU,2.93,-1.95,-967.77,-2.04,-0.37,2.15,15.30,-16.35,-48.30,27.8
2026/04/15 14:27:29.45,IMU,15.14,0.00,-972.17,-1.73,0.06,2.34,16.35,-16.05,-48.60,27.6
2026/04/15 14:27:29.56,IMU,9.77,10.25,-978.52,-0.65,1.08,-0.10,15.15,-16.65,-46.95,28.0
2026/04/15 14:27:29.66,IMU,3.91,14.65,-975.59,-0.60,-1.96,1.05,15.60,-17.85,-47.85,28.0
2026/04/15 14:27:29.76,IMU,8.30,3.42,-981.45,-0.58,-0.56,0.58,16.65,-17.55,-47.85,27.8
2026/04/15 14:27:29.86,IMU,8.30,-1.95,-984.38,-0.21,-0.75,0.79,15.15,-15.90,-46.95,27.6
2026/04/15 14:27:29.96,IMU,0.49,3.91,-975.10,-2.26,-2.61,-1.10,15.60,-16.05,-47.85,27.5
2026/04/15 14:27:30.06,IMU,1.95,1.95,-970.70,-1.81,0.08,-1.54,16.65,-18.45,-48.45,27.6
2026/04/15 14:27:30.16,IMU,4.88,1.46,-974.61,-1.53,-0.08,0.35,16.35,-16.80,-48.60,27.7
2026/04/15 14:27:30.26,IMU,9.77,-2.44,-958.01,-0.19,-0.95,-0.82,15.30,-16.35,-47.85,27.8
2026/04/15 14:27:30.36,IMU,5.86,-1.46,-970.21,-0.14,0.90,0.51,14.25,-18.30,-47.85,27.8
2026/04/15 14:27:30.46,IMU,0.00,-4.88,-976.07,-1.09,-1.00,2.29,16.20,-17.70,-48.00,27.9
2026/04/15 14:27:30.56,IMU,18.07,0.00,-976.07,-0.95,1.47,-1.78,14.55,-17.10,-48.30,27.8
2026/04/15 14:27:30.66,IMU,9.77,1.46,-968.26,-0.65,0.92,0.61,15.75,-15.15,-48.45,27.8
2026/04/15 14:27:30.76,IMU,5.86,7.81,-977.05,-0.23,0.09,3.27,14.85,-17.85,-47.55,28.0
2026/04/15 14:27:30.87,IMU,2.44,3.91,-974.61,0.61,-0.12,2.19,16.95,-16.95,-48.45,27.9
2026/04/15 14:27:30.97,IMU,0.49,1.95,-984.86,0.56,-0.37,-0.74,15.60,-15.30,-48.60,27.9
2026/04/15 14:27:31.07,IMU,18.55,10.25,-980.47,-0.60,-2.43,1.95,14.55,-16.80,-48.30,27.8
2026/04/15 14:27:31.17,IMU,6.84,7.81,-973.14,-0.92,0.49,1.66,14.25,-17.10,-48.30,27.9
2026/04/15 14:27:31.27,IMU,0.00,6.84,-975.10,-0.61,-0.66,2.97,16.20,-17.70,-47.70,27.9
2026/04/15 14:27:31.37,IMU,18.55,10.25,-968.26,-0.15,-0.73,-0.57,16.50,-14.70,-49.05,28.0
2026/04/15 14:27:31.47,IMU,11.23,-5.37,-975.59,-1.53,-2.12,1.00,16.35,-17.10,-47.10,28.0
2026/04/15 14:27:31.57,IMU,6.35,-7.32,-982.42,-1.91,0.41,4.52,15.30,-16.35,-50.70,28.0
2026/04/15 14:27:31.67,IMU,-0.49,6.35,-979.98,1.68,-0.07,0.61,15.75,-18.45,-47.40,28.0
2026/04/15 14:27:31.77,IMU,19.53,7.32,-971.68,-1.62,-0.13,1.02,16.35,-16.80,-48.90,27.6
2026/04/15 14:27:31.87,IMU,-4.39,-6.35,-972.17,-1.10,-3.66,-0.02,16.20,-16.65,-48.45,27.9
2026/04/15 14:27:31.97,IMU,2.93,-5.37,-980.96,0.40,0.11,-1.27,16.05,-17.55,-48.30,28.0
2026/04/15 14:27:32.07,IMU,6.35,6.84,-977.05,-0.08,-1.05,1.63,16.20,-16.95,-47.70,28.0
2026/04/15 14:27:32.18,IMU,7.81,7.81,-970.70,-0.13,-2.26,1.24,14.40,-17.70,-46.35,27.8
2026/04/15 14:27:32.28,IMU,7.32,2.44,-972.66,0.03,0.85,1.33,15.45,-17.40,-49.05,27.9
2026/04/15 14:27:32.38,IMU,4.39,-9.28,-985.35,-1.29,-1.71,0.15,16.65,-17.10,-48.90,27.8
2026/04/15 14:27:32.48,IMU,5.37,2.44,-985.35,-1.30,-1.49,-1.37,16.05,-18.60,-49.65,27.8
2026/04/15 14:27:32.58,IMU,13.18,-5.86,-968.26,-0.66,-0.65,-1.81,16.05,-16.35,-49.65,27.6
2026/04/15 14:27:32.68,IMU,7.32,2.44,-977.05,-1.08,0.72,1.77,15.75,-16.65,-48.75,28.1
2026/04/15 14:27:32.78,IMU,8.30,-0.49,-979.00,1.36,-4.10,-0.07,16.20,-16.95,-48.45,27.6
2026/04/15 14:27:32.88,IMU,6.35,-6.35,-973.14,-1.34,-1.67,2.27,16.95,-16.20,-48.00,27.9
2026/04/15 14:27:32.98,IMU,-6.35,-2.44,-977.54,-0.67,-3.17,0.89,15.75,-17.40,-48.00,27.7
2026/04/15 14:27:33.08,IMU,8.30,-7.32,-977.05,-1.05,-1.15,0.62,15.45,-16.95,-48.45,27.8
2026/04/15 14:27:33.18,IMU,10.74,3.42,-986.82,-1.51,-2.06,-3.33,17.10,-17.55,-47.10,28.0
2026/04/15 14:27:33.28,IMU,8.30,4.39,-968.26,-0.09,2.61,0.79,16.05,-16.80,-48.60,27.8
2026/04/15 14:27:33.38,IMU,15.63,-6.35,-983.40,-0.46,-0.63,-0.18,16.05,-17.10,-47.55,27.9
2026/04/15 14:27:33.49,IMU,5.37,0.98,-972.66,0.04,-1.11,-1.17,16.35,-17.55,-47.85,27.9
2026/04/15 14:27:33.59,IMU,6.35,6.84,-978.03,-0.69,0.14,0.85,16.50,-17.40,-48.75,28.0
2026/04/15 14:27:33.69,IMU,5.86,-0.98,-975.10,-2.03,-2.71,-0.20,15.75,-16.95,-47.70,27.8
2026/04/15 14:27:33.79,IMU,4.88,0.98,-972.17,-1.22,0.10,2.37,15.75,-16.20,-48.00,28.0
2026/04/15 14:27:33.89,IMU,3.91,-6.35,-980.96,-0.80,-2.44,2.97,16.65,-17.10,-47.85,27.9
2026/04/15 14:27:33.99,IMU,-0.49,0.98,-982.91,-1.90,-2.17,2.99,15.45,-16.95,-48.75,27.8
2026/04/15 14:27:34.09,IMU,5.37,6.84,-983.40,-0.48,-2.26,-0.27,16.20,-16.95,-48.45,27.8
2026/04/15 14:27:34.19,IMU,12.70,4.88,-977.05,-2.40,-1.22,3.66,16.65,-18.60,-48.90,27.9
2026/04/15 14:27:34.29,IMU,4.39,3.91,-969.73,-1.53,-1.05,-2.07,16.65,-16.80,-48.90,27.7
2026/04/15 14:27:34.39,IMU,4.88,2.93,-980.47,-0.02,-0.52,0.88,14.70,-17.40,-47.40,27.9
2026/04/15 14:27:34.49,IMU,15.14,9.77,-966.80,-0.53,-1.26,-0.93,16.05,-16.80,-47.85,28.0
2026/04/15 14:27:34.59,IMU,5.86,6.35,-976.07,-1.23,1.29,0.30,16.20,-16.20,-46.95,27.9
2026/04/15 14:27:34.69,IMU,18.55,-0.49,-975.10,-0.69,-1.27,-1.29,16.05,-18.30,-47.85,27.9
2026/04/15 14:27:34.80,IMU,-4.88,1.46,-983.40,-0.57,-0.40,-0.65,16.05,-17.10,-48.60,27.8
2026/04/15 14:27:34.90,IMU,5.86,7.81,-973.63,0.63,-0.78,0.27,15.45,-18.45,-48.45,27.9
2026/04/15 14:27:35.00,IMU,2.44,-3.42,-978.52,-1.60,-0.73,1.66,15.45,-16.65,-48.75,28.0
2026/04/15 14:27:35.10,IMU,13.18,-1.95,-979.00,-0.53,-1.54,2.03,16.35,-16.05,-48.60,27.8
2026/04/15 14:27:35.20,IMU,5.86,0.98,-974.61,0.21,-1.85,1.09,15.75,-18.00,-48.00,27.6
2026/04/15 14:27:35.30,IMU,-1.46,-0.49,-983.40,-0.31,-1.42,-1.50,14.70,-16.65,-49.05,27.8
2026/04/15 14:27:35.40,IMU,11.23,-5.86,-979.49,-0.12,-0.34,-2.74,15.75,-16.65,-48.00,27.9
2026/04/15 14:27:35.50,IMU,-0.98,-11.72,-972.17,0.42,-0.77,0.89,15.75,-17.70,-49.80,27.8
2026/04/15 14:27:35.60,IMU,-2.93,7.81,-989.75,-2.77,-3.49,1.70,15.75,-15.90,-49.05,28.0
2026/04/15 14:27:35.70,IMU,-7.32,8.79,-973.14,-0.98,0.63,2.30,15.30,-16.80,-47.55,27.7
2026/04/15 14:27:35.80,IMU,11.23,9.77,-976.07,0.47,1.16,-1.91,14.55,-15.60,-48.30,27.9
2026/04/15 14:27:35.90,IMU,2.93,8.30,-968.26,-0.86,-0.88,0.77,15.30,-17.10,-46.80,27.6
2026/04/15 14:27:36.00,IMU,15.63,7.32,-964.84,-0.44,-0.24,1.70,16.35,-16.05,-48.60,27.8
2026/04/15 14:27:36.11,IMU,9.77,0.49,-975.59,-1.01,-0.07,1.09,16.35,-16.80,-47.85,27.8
2026/04/15 14:27:36.21,IMU,-3.42,2.44,-975.10,-0.01,-0.84,0.06,16.35,-17.85,-48.30,27.9
2026/04/15 14:27:36.31,IMU,19.53,-4.39,-971.19,-0.44,-2.73,-0.11,16.20,-16.65,-46.95,27.9
2026/04/15 14:27:36.41,IMU,1.95,1.46,-976.56,-0.31,0.70,2.79,15.60,-16.80,-49.35,28.1
2026/04/15 14:27:36.51,IMU,3.42,-1.95,-967.77,1.20,-0.68,-0.67,15.75,-17.40,-48.45,27.8
2026/04/15 14:27:36.61,IMU,-2.44,8.30,-971.19,-0.79,-1.06,-1.85,14.85,-16.35,-48.90,27.9
2026/04/15 14:27:36.71,IMU,10.74,0.49,-979.98,0.27,0.66,-1.27,15.45,-16.20,-48.00,28.0
2026/04/15 14:27:36.81,IMU,5.86,7.81,-979.00,-0.15,0.92,0.56,15.60,-17.10,-48.90,27.9
2026/04/15 14:27:36.91,IMU,0.98,0.98,-979.49,0.98,-1.61,0.21,15.75,-15.90,-47.70,27.7
2026/04/15 14:27:37.01,IMU,4.39,3.91,-978.52,-0.55,-2.38,0.08,12.90,-18.00,-45.30,28.0
2026/04/15 14:27:37.11,IMU,5.86,4.88,-967.29,0.52,-0.42,-0.12,16.05,-16.80,-47.85,27.9
2026/04/15 14:27:37.21,IMU,3.91,7.32,-989.26,-1.01,-1.60,-0.29,16.35,-17.10,-48.30,28.1
2026/04/15 14:27:37.31,IMU,-11.23,-3.42,-975.10,1.14,0.96,1.97,16.05,-16.35,-49.35,28.0
2026/04/15 14:27:37.41,IMU,-2.93,-9.28,-985.84,1.03,0.48,1.00,15.45,-15.45,-47.70,28.0
2026/04/15 14:27:37.52,IMU,-1.95,4.88,-983.40,-1.66,-0.44,-1.48,17.10,-17.10,-48.60,27.9
2026/04/15 14:27:37.62,IMU,5.86,2.44,-971.68,-0.98,-1.27,-0.39,16.50,-16.65,-48.75,27.9
2026/04/15 14:27:37.72,IMU,-0.98,-12.21,-989.26,-1.24,0.40,-2.29,17.10,-16.80,-47.85,27.9
2026/04/15 14:27:37.82,IMU,4.88,-6.84,-983.40,-1.03,-1.17,-0.95,16.50,-17.40,-48.45,27.7
2026/04/15 14:27:37.92,IMU,9.77,-4.88,-979.98,-0.02,-3.23,-1.67,15.45,-16.95,-47.70,27.8
2026/04/15 14:27:38.02,IMU,-5.37,-1.95,-976.56,-1.77,-0.50,-0.89,12.75,-18.60,-44.40,27.9
2026/04/15 14:27:38.12,IMU,3.42,1.95,-979.49,-0.11,-0.07,1.98,16.20,-17.40,-48.45,27.9
2026/04/15 14:27:38.22,IMU,4.39,-0.98,-968.26,-1.02,-2.26,0.39,15.60,-17.85,-47.85,27.8
2026/04/15 14:27:38.32,IMU,13.67,-6.35,-985.84,-0.06,-1.22,-0.53,16.50,-16.95,-47.70,27.6
2026/04/15 14:27:38.42,IMU,9.28,-7.32,-979.49,-0.28,-0.99,-1.92,16.05,-17.55,-49.35,27.6
2026/04/15 14:27:38.52,IMU,8.30,5.37,-978.52,-2.54,-1.07,4.40,16.05,-18.30,-47.85,27.9
2026/04/15 14:27:38.62,IMU,4.39,10.74,-980.96,-2.46,1.35,0.60,16.20,-17.70,-48.45,27.8
2026/04/15 14:27:38.72,IMU,10.74,6.35,-980.96,-0.80,-1.34,-0.76,15.45,-16.20,-48.45,27.6
2026/04/15 14:27:38.83,IMU,2.44,-4.39,-977.54,-0.66,-1.98,1.33,16.65,-15.60,-48.60,27.7
2026/04/15 14:27:38.93,IMU,4.39,3.42,-973.14,0.05,-1.45,-1.99,16.65,-16.80,-49.35,28.0
2026/04/15 14:27:39.03,IMU,16.11,3.91,-979.00,-0.05,0.82,1.06,15.60,-18.30,-47.55,27.6
2026/04/15 14:27:39.13,IMU,15.14,3.42,-966.80,-1.43,-0.23,-0.47,16.65,-16.05,-48.90,27.8
2026/04/15 14:27:39.24,IMU,-4.39,4.39,-987.79,-0.08,-1.40,-0.89,15.75,-16.20,-48.75,27.8
2026/04/15 14:27:39.34,IMU,8.79,-3.42,-973.63,0.33,0.50,1.93,16.35,-17.85,-48.90,28.0
2026/04/15 14:27:39.44,IMU,8.30,16.11,-975.59,-1.95,-3.85,-1.28,15.45,-16.95,-47.40,28.0
2026/04/15 14:27:39.54,IMU,10.25,7.81,-970.70,-1.67,-0.13,-0.82,16.20,-17.40,-47.70,27.8
2026/04/15 14:27:39.64,IMU,3.91,-0.98,-972.17,-0.68,-0.78,-0.37,15.15,-16.20,-48.45,27.8
2026/04/15 14:27:39.74,IMU,4.88,11.23,-979.98,-1.21,-1.05,2.51,14.85,-17.55,-48.90,28.0
2026/04/15 14:27:39.84,IMU,1.46,-10.25,-976.56,-0.34,0.37,-0.32,16.05,-17.10,-46.50,27.9
2026/04/15 14:27:39.94,IMU,15.63,-0.49,-982.42,-0.37,0.38,2.60,16.35,-17.55,-47.55,27.8
2026/04/15 14:27:40.04,IMU,11.72,9.77,-975.59,-0.50,-1.92,-0.29,15.45,-16.20,-48.75,28.0
2026/04/15 14:27:40.14,IMU,2.93,-9.28,-978.03,-0.21,1.05,0.40,16.20,-16.95,-48.45,27.8
2026/04/15 14:27:40.24,IMU,-5.86,-6.35,-985.84,0.69,-0.62,-2.44,15.60,-17.10,-49.35,27.7
2026/04/15 14:27:40.34,IMU,16.60,-6.35,-969.24,0.25,0.37,1.98,15.75,-15.90,-48.00,27.6
2026/04/15 14:27:40.44,IMU,10.74,3.42,-972.17,0.16,-3.37,-2.65,15.75,-15.45,-49.05,28.1
2026/04/15 14:27:40.55,IMU,3.91,-5.37,-976.56,-1.61,-2.70,0.54,14.85,-16.80,-48.30,28.0
2026/04/15 14:27:40.65,IMU,5.86,7.81,-962.89,-0.31,-2.07,0.89,17.10,-17.10,-48.30,27.9
2026/04/15 14:27:40.75,IMU,2.93,0.98,-980.96,0.82,0.11,2.79,16.05,-16.80,-47.10,27.8
2026/04/15 14:27:40.85,IMU,2.44,-6.35,-986.33,1.42,-0.72,1.75,15.45,-16.65,-48.00,27.8
2026/04/15 14:27:40.95,IMU,-13.18,10.25,-971.68,-0.35,0.02,-0.92,16.20,-15.45,-48.00,27.9
2026/04/15 14:27:41.05,IMU,12.21,2.93,-978.52,-0.52,0.89,0.68,16.65,-17.55,-47.55,27.6
2026/04/15 14:27:41.15,IMU,2.44,-1.46,-971.68,-1.96,0.84,1.04,16.35,-17.55,-47.10,27.9
2026/04/15 14:27:41.25,IMU,-1.46,-0.49,-984.86,-0.66,0.15,-0.69,15.15,-16.65,-49.05,27.9
2026/04/15 14:27:41.35,IMU,3.42,-2.93,-979.98,2.00,-0.44,1.09,16.05,-16.80,-48.30,28.0
2026/04/15 14:27:41.45,IMU,5.86,9.28,-985.84,0.40,-0.53,3.49,15.15,-17.40,-47.70,27.9
2026/04/15 14:27:41.55,IMU,4.39,0.98,-969.24,-2.41,-1.36,0.69,14.70,-16.65,-48.00,27.8
2026/04/15 14:27:41.65,IMU,1.46,-1.95,-977.54,-1.25,-0.66,-0.42,16.65,-16.05,-48.30,27.7
2026/04/15 14:27:41.76,IMU,9.77,2.44,-979.00,-0.15,-1.72,-1.64,16.50,-17.40,-47.40,27.8
2026/04/15 14:27:41.86,IMU,4.88,16.11,-973.14,-0.95,0.88,0.68,16.35,-17.55,-48.60,27.8
2026/04/15 14:27:41.96,IMU,-4.88,12.70,-980.96,-3.11,-1.37,-0.50,15.75,-17.40,-48.00,27.8
2026/04/15 14:27:42.06,IMU,9.77,3.42,-971.19,-0.98,1.66,1.11,15.60,-18.30,-47.55,27.8
2026/04/15 14:27:42.16,IMU,14.16,-0.49,-976.07,-0.89,-1.24,-0.08,16.95,-17.70,-48.45,28.0
2026/04/15 14:27:42.26,IMU,0.98,0.98,-986.82,-1.24,0.73,-0.09,16.20,-16.95,-48.00,27.8
2026/04/15 14:27:42.36,IMU,6.84,20.02,-979.00,1.01,-2.76,-0.99,15.30,-17.55,-47.10,28.0
2026/04/15 14:27:42.46,IMU,18.55,-1.95,-984.38,-1.45,-0.31,1.22,15.45,-16.95,-48.00,27.9
2026/04/15 14:27:42.56,IMU,9.28,0.00,-971.68,-0.38,-1.27,-0.73,14.85,-16.35,-47.55,28.1
2026/04/15 14:27:42.66,IMU,7.32,-1.46,-970.21,2.11,0.13,-0.13,15.75,-15.90,-48.00,28.0
2026/04/15 14:27:42.76,IMU,7.81,-0.49,-977.54,1.51,0.27,3.76,16.05,-16.35,-48.30,28.1
2026/04/15 14:27:42.86,IMU,11.23,1.95,-974.61,-1.10,0.39,2.24,15.30,-16.80,-48.30,28.0
2026/04/15 14:27:42.96,IMU,7.32,0.49,-964.36,-0.37,2.05,-0.39,16.20,-16.20,-47.70,27.7
2026/04/15 14:27:43.06,IMU,4.88,10.74,-969.24,0.37,0.25,0.73,15.75,-16.95,-47.70,27.8
2026/04/15 14:27:43.17,IMU,-1.46,1.95,-975.59,-1.22,-0.07,-0.53,16.50,-16.20,-47.70,28.0
2026/04/15 14:27:43.27,IMU,12.21,0.98,-976.07,2.04,-1.95,1.54,15.45,-17.70,-48.75,27.9
2026/04/15 14:27:43.37,IMU,2.93,10.74,-966.80,-0.32,-0.98,0.27,15.45,-17.40,-48.45,28.0
2026/04/15 14:27:43.47,IMU,5.37,8.79,-973.63,-1.49,0.44,0.90,14.25,-16.80,-49.35,28.0
2026/04/15 14:27:43.57,IMU,12.70,3.91,-986.33,-1.43,-0.56,-0.60,15.45,-16.95,-48.45,27.6
2026/04/15 14:27:43.67,IMU,3.91,-1.46,-975.10,1.02,-1.85,0.56,15.30,-17.10,-48.60,27.6
2026/04/15 14:27:43.77,IMU,8.30,-3.42,-976.07,0.53,3.18,-1.41,15.30,-16.35,-48.90,27.9
2026/04/15 14:27:43.87,IMU,2.44,-7.32,-978.52,-0.77,-0.15,-0.21,15.75,-16.95,-46.65,27.8
2026/04/15 14:27:43.97,IMU,-4.39,2.44,-977.05,-0.75,-2.60,2.20,16.20,-16.65,-47.70,28.0
2026/04/15 14:27:44.07,IMU,12.21,0.00,-971.68,-2.27,0.65,1.50,15.75,-16.65,-48.45,27.8
2026/04/15 14:27:44.17,IMU,3.91,-1.46,-970.70,-0.60,-0.94,-1.99,16.50,-18.00,-48.00,27.7
2026/04/15 14:27:44.27,IMU,6.35,-0.98,-972.66,-1.60,-0.71,0.79,17.10,-16.80,-48.60,27.9
2026/04/15 14:27:44.37,IMU,20.51,-3.91,-986.33,-0.71,-0.60,-0.51,17.10,-17.10,-47.55,28.0
2026/04/15 14:27:44.48,IMU,11.72,7.32,-978.03,-1.65,0.01,-0.27,15.30,-16.80,-47.85,28.0
2026/04/15 14:27:44.58,IMU,8.30,-6.84,-983.89,0.53,-1.21,3.08,15.75,-15.45,-48.00,28.0
2026/04/15 14:27:44.68,IMU,8.30,-5.37,-977.05,-0.80,-0.60,1.34,15.15,-17.40,-49.05,28.1
2026/04/15 14:27:44.78,IMU,6.35,0.00,-980.96,-0.73,-0.11,0.35,16.50,-15.90,-49.05,28.0
2026/04/15 14:27:44.88,IMU,0.49,4.88,-977.54,-0.80,-0.61,-1.27,16.35,-16.35,-47.55,27.7
2026/04/15 14:27:44.98,IMU,7.81,-5.86,-979.00,0.70,-0.63,0.82,15.45,-16.20,-48.45,28.0
2026/04/15 14:27:45.08,IMU,13.18,20.51,-980.96,0.44,1.05,-0.89,14.55,-16.35,-47.85,27.9
2026/04/15 14:27:45.18,IMU,5.37,0.49,-991.70,-0.96,-0.21,0.69,15.45,-16.20,-48.45,28.0
2026/04/15 14:27:45.28,IMU,0.49,14.65,-978.03,-1.86,1.02,-0.72,15.75,-16.20,-48.45,27.8
2026/04/15 14:27:45.38,IMU,6.84,-4.39,-972.17,1.40,-0.39,-0.21,15.45,-16.65,-48.45,28.1
2026/04/15 14:27:45.48,IMU,6.84,9.28,-973.14,-0.22,0.91,4.26,16.50,-15.45,-49.05,28.0
2026/04/15 14:27:45.58,IMU,-0.49,5.86,-970.70,-1.13,0.61,1.12,17.25,-16.65,-46.95,27.9
2026/04/15 14:27:45.68,IMU,8.30,1.95,-979.98,-1.59,-1.53,-0.62,16.50,-16.95,-48.00,27.9
2026/04/15 14:27:45.79,IMU,-1.95,-8.79,-981.93,0.05,0.11,-1.84,14.55,-16.05,-49.35,27.9
2026/04/15 14:27:45.89,IMU,10.74,7.81,-980.96,-0.97,-1.10,-3.14,15.60,-17.10,-47.85,27.8
2026/04/15 14:27:45.99,IMU,3.91,9.77,-978.52,-0.39,-1.91,1.29,17.10,-14.85,-49.35,28.0
2026/04/15 14:27:46.09,IMU,3.91,7.32,-979.00,-1.31,-3.50,1.04,15.45,-16.95,-48.75,28.0
2026/04/15 14:27:46.19,IMU,0.49,11.23,-970.21,-1.41,0.40,-1.15,16.35,-17.10,-48.30,28.0
2026/04/15 14:27:46.29,IMU,12.70,-3.91,-973.14,-0.33,-2.03,0.86,15.75,-16.95,-46.65,27.8
2026/04/15 14:27:46.39,IMU,7.81,-2.93,-976.07,0.13,-0.08,-2.48,16.20,-16.95,-47.40,28.0
2026/04/15 14:27:46.49,IMU,7.81,11.23,-975.59,-1.40,0.58,-0.22,15.15,-16.95,-48.45,27.8
2026/04/15 14:27:46.59,IMU,7.32,-3.42,-978.52,0.63,-1.59,-0.59,15.30,-17.85,-48.90,28.0
2026/04/15 14:27:46.69,IMU,3.42,-15.63,-968.75,0.64,-1.56,1.68,15.15,-16.95,-47.70,27.6
2026/04/15 14:27:46.79,IMU,2.93,8.79,-973.63,-2.25,1.27,0.37,16.50,-16.65,-49.50,28.0
2026/04/15 14:27:46.89,IMU,24.90,-8.79,-967.77,0.53,-1.99,-1.53,16.35,-16.05,-47.55,27.6
2026/04/15 14:27:46.99,IMU,-1.46,13.18,-971.68,-0.76,0.67,0.19,16.20,-16.95,-48.45,28.0
2026/04/15 14:27:47.09,IMU,19.04,-4.88,-978.52,-0.11,-0.70,-1.01,13.95,-16.65,-47.70,27.8
2026/04/15 14:27:47.20,IMU,-4.39,13.67,-979.49,-1.29,-2.34,-2.66,16.05,-16.35,-47.55,27.9
2026/04/15 14:27:47.30,IMU,5.86,5.37,-979.98,-0.99,-1.41,1.58,16.20,-16.65,-47.70,27.9
2026/04/15 14:27:47.40,IMU,5.86,4.88,-976.07,-1.16,0.28,-1.76,15.30,-17.85,-47.10,27.8
2026/04/15 14:27:47.50,IMU,3.42,-2.44,-978.52,-0.89,0.45,0.76,16.95,-16.65,-48.00,27.9
2026/04/15 14:27:47.60,IMU,4.88,-4.39,-964.36,0.85,-1.65,2.86,16.65,-16.35,-47.55,27.6
2026/04/15 14:27:47.70,IMU,5.86,-3.91,-969.73,0.37,-0.28,1.80,16.65,-16.80,-46.80,27.8
2026/04/15 14:27:47.80,IMU,13.67,11.23,-976.56,1.03,-1.21,0.70,17.10,-16.35,-48.60,27.7
2026/04/15 14:27:47.90,IMU,3.42,6.84,-975.10,-0.28,-1.85,1.61,15.75,-16.65,-46.65,28.0
2026/04/15 14:27:48.00,IMU,10.25,4.88,-971.19,-1.38,1.45,-0.28,15.30,-16.80,-48.30,28.2
2026/04/15 14:27:48.10,IMU,5.37,7.81,-979.00,0.33,-1.82,1.36,15.75,-16.65,-48.75,28.0
2026/04/15 14:27:48.21,IMU,7.81,0.00,-978.52,-1.08,-0.71,1.75,16.95,-15.90,-48.00,27.8
2026/04/15 14:27:48.31,IMU,-1.46,-0.98,-977.54,-1.79,-0.24,0.01,16.20,-18.00,-48.45,28.0
2026/04/15 14:27:48.41,IMU,6.84,16.60,-976.56,-2.47,0.34,-0.87,16.95,-18.00,-48.75,27.9
2026/04/15 14:27:48.51,IMU,0.00,11.23,-978.03,0.81,0.54,2.08,16.50,-15.45,-48.45,27.8
2026/04/15 14:27:48.61,IMU,13.18,10.74,-976.56,0.08,-1.76,0.49,16.50,-16.65,-47.70,28.1
2026/04/15 14:27:48.71,IMU,9.28,13.67,-976.56,-1.41,-1.50,-0.04,15.75,-16.20,-48.75,28.0
2026/04/15 14:27:48.81,IMU,6.84,0.49,-974.12,0.63,-0.62,1.68,13.80,-16.80,-49.35,27.8
2026/04/15 14:27:48.91,IMU,6.35,-8.79,-980.47,-1.58,-1.73,0.83,17.10,-16.35,-47.55,27.9
2026/04/15 14:27:49.01,IMU,6.84,-1.95,-978.52,-0.89,-0.35,-0.61,15.75,-16.20,-47.40,28.0
2026/04/15 14:27:49.12,IMU,9.77,-3.91,-983.89,0.92,0.97,-1.37,16.20,-16.95,-47.70,27.7
2026/04/15 14:27:49.22,IMU,18.07,3.42,-972.66,-0.14,0.93,0.73,16.65,-16.80,-48.30,28.0
2026/04/15 14:27:49.32,IMU,3.91,1.46,-976.07,-1.08,-1.15,-4.15,15.15,-17.70,-47.40,28.0
2026/04/15 14:27:49.42,IMU,10.25,7.32,-969.73,-1.44,0.44,0.95,16.05,-15.60,-48.30,28.2
2026/04/15 14:27:49.52,IMU,2.93,0.00,-972.17,-0.57,-0.69,-1.28,16.05,-17.55,-48.90,28.1
2026/04/15 14:27:49.62,IMU,0.00,2.93,-981.93,-2.57,-0.41,-0.16,14.85,-17.55,-47.85,27.9
2026/04/15 14:27:49.72,IMU,0.00,-12.21,-983.40,-0.53,-1.21,1.62,16.95,-15.90,-46.95,28.1
2026/04/15 14:27:49.82,IMU,14.16,4.88,-974.61,-0.49,-1.18,0.27,16.50,-15.90,-48.75,28.0
2026/04/15 14:27:49.92,IMU,0.49,15.14,-978.52,-0.73,-0.48,0.71,15.60,-16.35,-48.30,27.9
2026/04/15 14:27:50.02,IMU,7.32,9.28,-969.24,-0.48,-0.46,-2.37,16.35,-17.85,-48.30,28.0
2026/04/15 14:27:50.12,IMU,9.77,0.49,-987.79,-1.05,1.00,-2.34,16.95,-16.65,-49.05,28.0
2026/04/15 14:27:50.22,IMU,7.32,-2.44,-974.61,-1.22,-0.75,2.73,15.15,-16.65,-47.70,27.9
2026/04/15 14:27:50.32,IMU,0.98,2.93,-969.73,0.18,-1.05,1.21,16.05,-15.30,-48.30,28.0
2026/04/15 14:27:50.43,IMU,6.35,-3.42,-976.07,-1.65,-1.50,0.40,14.55,-16.80,-46.80,28.0
2026/04/15 14:27:50.53,IMU,-5.37,-2.44,-971.68,-0.14,1.63,-1.08,16.50,-15.45,-48.45,28.0
2026/04/15 14:27:50.63,IMU,3.42,1.46,-983.89,0.38,-0.95,0.69,16.05,-16.80,-47.55,27.8
2026/04/15 14:27:50.73,IMU,-0.49,-8.79,-979.98,0.95,-0.61,-2.20,16.35,-17.55,-47.55,27.8
2026/04/15 14:27:50.83,IMU,8.79,7.32,-973.63,-2.00,0.25,2.15,14.40,-17.70,-48.00,27.8
2026/04/15 14:27:50.93,IMU,-4.88,7.32,-979.49,1.13,-0.08,-0.27,16.65,-16.35,-48.30,27.8
2026/04/15 14:27:51.03,IMU,3.42,-7.81,-972.66,-0.48,-0.50,0.70,15.45,-17.40,-47.70,27.8
2026/04/15 14:27:51.13,IMU,10.74,4.39,-979.00,-0.95,-0.80,2.16,16.50,-16.95,-48.00,27.6
2026/04/15 14:27:51.23,IMU,7.81,-5.37,-977.54,-1.31,-1.16,-0.46,15.15,-16.95,-47.70,27.6
2026/04/15 14:27:51.33,IMU,16.60,0.00,-972.66,-1.38,-0.21,-0.28,16.50,-18.00,-47.70,27.9
2026/04/15 14:27:51.43,IMU,7.81,7.32,-974.61,0.06,0.25,0.74,15.45,-16.20,-48.75,28.1
2026/04/15 14:27:51.53,IMU,14.65,3.42,-973.63,-0.50,0.21,-2.73,15.45,-16.95,-47.40,28.0
2026/04/15 14:27:51.63,IMU,10.25,0.98,-978.52,1.15,1.41,0.48,16.50,-15.90,-47.40,27.8
2026/04/15 14:27:51.73,IMU,11.72,-14.65,-975.10,-0.83,-0.02,1.09,16.05,-16.80,-47.85,28.0
2026/04/15 14:27:51.84,IMU,4.39,9.77,-980.47,-0.63,0.59,-0.96,15.45,-16.95,-49.05,27.8
2026/04/15 14:27:51.94,IMU,9.28,17.09,-977.54,-1.17,-3.01,0.01,16.50,-17.40,-47.70,27.8
2026/04/15 14:27:52.04,IMU,0.98,2.93,-988.77,-2.15,-0.59,1.88,15.45,-17.70,-47.70,28.0
2026/04/15 14:27:52.14,IMU,12.21,-2.44,-979.00,-0.21,-1.69,0.68,16.05,-15.60,-46.80,28.0
2026/04/15 14:27:52.24,IMU,-1.95,3.91,-980.96,-2.27,-0.44,1.43,16.35,-16.05,-48.60,28.0
2026/04/15 14:27:52.34,IMU,6.35,6.84,-973.63,-0.94,-0.22,0.66,15.45,-16.65,-47.40,28.0
2026/04/15 14:27:52.44,IMU,7.81,15.63,-978.03,-0.45,-2.03,-0.93,17.40,-15.60,-48.30,28.0
2026/04/15 14:27:52.54,IMU,4.88,15.14,-973.14,-1.32,-0.47,0.52,16.65,-17.10,-48.60,28.0
2026/04/15 14:27:52.64,IMU,4.88,-2.93,-978.52,0.53,-0.28,-0.56,15.45,-15.45,-47.70,28.2
2026/04/15 14:27:52.74,IMU,6.35,10.25,-976.07,-0.30,-0.59,0.26,15.45,-16.65,-48.00,27.8
2026/04/15 14:27:52.84,IMU,0.00,1.46,-972.17,-0.85,0.33,2.43,15.30,-18.30,-47.55,28.0
2026/04/15 14:27:52.94,IMU,16.60,2.93,-969.73,1.43,-0.78,1.64,16.20,-17.40,-48.75,28.0
2026/04/15 14:27:53.05,IMU,5.37,8.30,-978.52,-1.64,-2.02,-0.53,16.05,-17.10,-48.90,28.0
2026/04/15 14:27:53.15,IMU,10.25,3.42,-982.91,-0.70,0.76,0.53,17.40,-18.75,-47.40,28.0
2026/04/15 14:27:53.25,IMU,9.77,4.88,-979.49,-0.91,0.97,0.24,15.60,-17.55,-47.85,28.0
2026/04/15 14:27:53.35,IMU,-0.49,-1.95,-971.19,-0.18,0.68,1.85,15.60,-16.35,-46.80,27.9
2026/04/15 14:27:53.45,IMU,17.58,7.81,-989.75,-1.83,-0.69,0.56,15.30,-17.85,-48.30,27.9
2026/04/15 14:27:53.55,IMU,14.16,-11.23,-969.24,-1.00,-2.31,-2.18,16.35,-16.80,-46.50,28.0
2026/04/15 14:27:53.65,IMU,17.09,-3.42,-972.66,-0.95,-0.66,-1.09,14.85,-17.10,-48.60,27.8
2026/04/15 14:27:53.75,IMU,9.77,-13.18,-976.56,-1.30,-1.53,-2.56,15.30,-16.35,-48.30,28.0
2026/04/15 14:27:53.85,IMU,-0.98,-0.98,-984.86,0.43,-0.82,3.31,15.15,-17.70,-47.40,28.0
2026/04/15 14:27:53.95,IMU,3.91,-1.46,-980.96,1.26,-1.22,0.79,15.75,-17.70,-49.05,27.8
2026/04/15 14:27:54.05,IMU,3.42,-4.39,-977.05,-0.52,0.82,1.85,15.15,-15.90,-48.75,28.0
2026/04/15 14:27:54.15,IMU,13.18,-4.39,-981.45,-0.79,-0.39,0.37,14.70,-17.40,-47.40,27.9
2026/04/15 14:27:54.25,IMU,12.70,1.95,-972.17,0.59,-1.38,-1.14,15.75,-16.95,-49.50,28.0
2026/04/15 14:27:54.36,IMU,4.39,6.35,-973.14,-0.80,-0.43,1.34,12.90,-19.50,-45.30,27.9
2026/04/15 14:27:54.46,IMU,10.25,-6.35,-973.63,0.11,0.14,2.28,15.75,-17.40,-46.95,27.9
2026/04/15 14:27:54.56,IMU,-6.84,11.23,-960.94,-0.49,-0.49,-0.61,15.15,-16.65,-48.75,28.1
2026/04/15 14:27:54.66,IMU,0.00,0.00,-983.40,-0.48,-0.92,-1.30,17.10,-17.85,-48.60,28.4
2026/04/15 14:27:54.76,IMU,8.79,1.95,-980.47,-2.13,1.20,-1.32,16.95,-16.65,-48.45,28.1
2026/04/15 14:27:54.86,IMU,-7.32,-10.74,-971.68,-0.53,-0.93,0.60,16.35,-16.80,-47.10,27.7
2026/04/15 14:27:54.96,IMU,7.81,0.00,-974.12,0.13,-2.43,0.40,16.05,-16.05,-47.55,27.7
2026/04/15 14:27:55.06,IMU,-2.44,-0.49,-980.47,-0.47,0.61,0.27,16.95,-16.95,-48.00,27.9
2026/04/15 14:27:55.16,IMU,2.44,-0.49,-979.98,0.51,-0.63,-0.46,16.35,-17.55,-48.30,27.9
2026/04/15 14:27:55.26,IMU,10.74,5.86,-977.54,-0.50,-3.66,-1.65,15.60,-16.35,-48.90,28.0
2026/04/15 14:27:55.36,IMU,2.44,-0.98,-984.38,0.80,-3.31,-0.64,14.25,-18.30,-45.45,28.0
2026/04/15 14:27:55.46,IMU,3.42,-5.37,-973.63,-0.15,-0.02,2.04,15.45,-15.45,-48.45,27.8
2026/04/15 14:27:55.56,IMU,5.37,-0.49,-984.86,-0.49,-0.34,-2.48,16.05,-17.10,-47.85,27.8
2026/04/15 14:27:55.67,IMU,3.42,1.46,-969.24,-1.00,1.20,-0.63,16.20,-15.90,-48.00,27.8
2026/04/15 14:27:55.77,IMU,12.70,-6.35,-972.66,0.98,0.47,0.40,16.05,-16.35,-47.85,28.0
2026/04/15 14:27:55.87,IMU,9.28,11.23,-971.19,0.50,-0.95,1.73,15.45,-17.70,-48.00,28.0
2026/04/15 14:27:55.97,IMU,0.98,-0.98,-973.14,-2.92,-2.37,2.64,17.10,-15.60,-47.55,27.9
2026/04/15 14:27:56.07,IMU,22.46,1.46,-966.80,1.32,-1.37,1.05,16.95,-16.95,-47.70,28.0
2026/04/15 14:27:56.17,IMU,4.39,-6.84,-981.45,-0.10,1.69,1.82,15.60,-16.35,-48.60,27.9
2026/04/15 14:27:56.27,IMU,-0.98,-0.49,-971.68,-1.45,-1.31,-2.60,16.65,-16.80,-48.30,27.8
2026/04/15 14:27:56.37,IMU,12.70,-1.46,-976.56,-0.44,-1.24,-0.88,12.90,-18.00,-44.10,27.7
2026/04/15 14:27:56.47,IMU,4.88,-5.86,-978.03,1.30,-1.74,-0.88,16.50,-17.40,-48.00,27.7
2026/04/15 14:27:56.57,IMU,-5.86,-2.44,-979.00,-3.68,1.33,1.60,16.20,-16.20,-47.40,28.0
2026/04/15 14:27:56.67,IMU,10.25,4.39,-968.75,-0.95,-0.57,1.05,17.55,-17.70,-47.40,28.1
2026/04/15 14:27:56.77,IMU,9.28,-1.46,-974.12,0.17,0.61,0.63,16.05,-17.85,-47.10,28.0
2026/04/15 14:27:56.87,IMU,8.79,2.44,-977.54,-0.57,-1.09,-0.76,16.05,-16.05,-47.10,27.9
2026/04/15 14:27:56.97,IMU,-5.37,0.00,-987.79,-1.05,-1.15,1.28,15.30,-16.05,-48.90,28.0
2026/04/15 14:27:57.08,IMU,12.21,5.37,-976.56,-0.12,0.34,0.15,15.75,-15.90,-48.45,28.0
2026/04/15 14:27:57.18,IMU,4.39,5.37,-979.49,-0.40,-1.82,2.60,16.35,-15.60,-48.30,28.0
2026/04/15 14:27:57.28,IMU,0.00,1.95,-964.84,-1.04,-0.74,1.98,14.85,-16.35,-47.55,27.9
2026/04/15 14:27:57.39,IMU,5.37,0.00,-976.56,-0.18,-0.02,0.11,13.65,-18.75,-42.00,27.8
2026/04/15 14:27:57.49,IMU,7.81,0.49,-979.00,-1.62,-1.66,0.02,15.60,-16.80,-48.30,28.0
2026/04/15 14:27:57.59,IMU,0.00,-0.49,-960.45,-0.44,-0.27,1.28,15.60,-17.10,-47.85,28.0
2026/04/15 14:27:57.69,IMU,2.93,6.84,-970.21,-0.75,1.24,0.12,15.15,-17.40,-48.75,28.1
2026/04/15 14:27:57.79,IMU,10.74,2.93,-979.49,0.20,-2.33,-0.40,16.05,-16.80,-48.60,27.8
2026/04/15 14:27:57.89,IMU,3.91,-6.35,-967.29,-1.00,-0.13,-0.44,17.10,-17.10,-46.05,28˙˙˙˙˙˙˙˙˙˙˙@    •˙˙˙˙˙˙˙˙˙˙˙@    •˙˙˙˙˙˙˙˙˙˙˙@    •˙˙˙˙˙˙˙˙˙˙˙@    •˙˙˙˙˙˙˙˙˙˙˙@    •˙˙˙˙˙˙˙˙˙˙˙@    •˙˙˙˙˙˙˙˙˙˙˙@    •˙˙˙˙˙˙˙˙˙˙˙@    •˙˙˙˙˙˙˙˙˙˙˙@    •˙˙˙˙˙˙˙˙˙˙˙@    •˙˙˙˙˙˙˙˙˙˙˙@    •˙˙˙˙˙˙˙˙˙˙˙@    •˙˙˙˙˙˙˙˙˙˙˙@    •˙˙˙˙˙˙˙˙˙˙˙@    •˙˙˙˙˙˙˙˙˙˙˙@    •˙˙˙˙˙˙˙˙˙˙˙@    •˙˙˙˙˙˙˙˙˙˙˙@    •˙˙˙˙˙˙˙˙˙˙˙@    •˙˙˙˙˙˙˙˙˙˙˙@    •˙˙˙˙˙˙˙˙˙˙˙@    •˙˙˙˙˙˙˙˙˙˙˙@    •˙˙˙˙˙˙˙˙˙˙˙@    •˙˙˙˙˙˙˙˙˙˙˙@    •˙˙˙˙˙˙˙˙˙˙˙@    •˙˙˙˙˙˙˙˙˙˙˙@    •˙˙˙˙˙˙˙˙˙˙˙@    •˙˙˙˙˙˙˙˙˙˙