Timestamp,Sensor,AccX,AccY,AccZ,GyrX,GyrY,GyrZ,MagX,MagY,MagZ,Temp
2026/04/15 14:26:46.00,IMU,-241.21,936.52,1148.44,250.13,199.03,-137.43,0.60,42.45,17.55,28.4
2026/04/15 14:26:46.10,IMU,-189.45,741.21,854.98,155.30,59.75,-150.61,13.65,55.05,8.10,28.2
2026/04/15 14:26:46.20,IMU,-1035.16,478.52,974.12,21.62,46.66,-222.52,26.70,56.55,2.70,28.2
2026/04/15 14:26:46.30,IMU,-1943.36,512.70,1134.28,-113.65,22.43,-250.14,45.75,35.85,7.65,28.4
2026/04/15 14:26:46.40,IMU,-1009.28,652.34,1015.14,-204.98,34.90,-250.14,49.20,1.65,1.20,28.4
2026/04/15 14:26:46.51,IMU,-767.09,-268.07,1107.42,-250.14,-23.25,-250.14,32.10,-24.00,-10.20,28.4
2026/04/15 14:26:46.61,IMU,-1.46,-34.67,-239.26,-250.14,-46.95,-250.14,7.50,-25.80,-33.15,28.3
2026/04/15 14:26:46.71,IMU,20.02,143.55,-496.58,-250.14,-36.21,-250.14,-0.30,-10.35,-50.55,28.4
2026/04/15 14:26:46.81,IMU,625.98,830.57,-814.94,-226.51,-126.46,-179.16,1.05,13.20,-57.90,28.4
2026/04/15 14:26:46.91,IMU,298.34,739.26,95.70,-171.14,-85.74,-119.66,14.70,28.80,-57.60,28.4
2026/04/15 14:26:47.01,IMU,-879.88,1504.39,-1312.50,115.40,-229.15,-250.14,35.55,26.70,-54.90,28.2
2026/04/15 14:26:47.11,IMU,-1012.70,660.64,-1176.76,179.22,-118.12,-250.14,42.75,-0.15,-42.15,28.4
2026/04/15 14:26:47.21,IMU,-1147.46,340.82,-972.66,236.44,-72.08,-250.14,33.45,-19.95,-27.15,28.3
2026/04/15 14:26:47.31,IMU,-977.54,-164.06,-394.53,250.13,-42.54,-246.53,14.70,-29.25,-9.45,28.4
2026/04/15 14:26:47.41,IMU,-398.93,-320.80,17.09,250.13,-34.37,-171.95,-1.05,-16.95,13.35,28.4
2026/04/15 14:26:47.51,IMU,-211.43,-249.51,582.52,250.13,-5.71,-154.79,-5.55,11.25,23.40,28.4
2026/04/15 14:26:47.61,IMU,-367.68,155.27,607.91,250.13,17.56,-120.66,-4.65,35.55,20.85,28.2
2026/04/15 14:26:47.71,IMU,-332.52,491.70,899.41,185.60,75.73,-163.89,3.00,53.10,10.65,28.4
2026/04/15 14:26:47.82,IMU,-852.05,700.20,1048.83,98.95,84.16,-163.84,22.65,62.10,1.65,28.4
2026/04/15 14:26:47.92,IMU,-690.43,652.34,502.93,30.01,63.54,-174.88,28.05,53.25,-0.30,28.2
2026/04/15 14:26:48.02,IMU,-1761.72,475.10,1014.16,-50.69,-3.51,-250.14,48.45,46.35,3.60,28.4
2026/04/15 14:26:48.12,IMU,-1703.13,317.87,1195.80,-161.40,-22.52,-250.14,46.20,19.50,-3.15,28.4
2026/04/15 14:26:48.22,IMU,-937.01,-209.96,1143.55,-195.24,-69.30,-250.14,39.75,-15.30,-8.55,28.4
2026/04/15 14:26:48.32,IMU,-366.70,150.39,-13.67,-250.14,-178.11,-250.14,15.45,-25.50,-28.20,28.4
2026/04/15 14:26:48.42,IMU,786.13,880.86,-612.79,-250.14,-154.63,-248.03,2.70,-11.25,-50.40,28.5
2026/04/15 14:26:48.52,IMU,690.92,689.45,-653.81,-192.36,-121.21,-46.92,6.45,9.15,-58.35,28.4
2026/04/15 14:26:48.62,IMU,249.02,588.38,-1091.31,-216.46,19.87,-51.64,9.60,28.50,-58.35,28.1
2026/04/15 14:26:48.72,IMU,6.35,779.79,-677.73,54.45,-95.94,-84.97,12.60,36.60,-57.60,28.4
2026/04/15 14:26:48.82,IMU,-493.16,1090.33,-1381.35,127.51,-245.25,-250.14,29.85,23.70,-52.65,28.3
2026/04/15 14:26:48.92,IMU,-1324.71,630.37,-1805.18,223.53,-238.13,-250.14,50.25,-1.65,-33.30,28.4
2026/04/15 14:26:49.02,IMU,-1211.43,184.08,-822.75,250.13,-201.95,-250.14,28.65,-24.60,-9.30,28.4
2026/04/15 14:26:49.13,IMU,-582.03,-129.88,-483.40,250.13,-149.76,-250.14,4.65,-16.20,14.40,28.3
2026/04/15 14:26:49.23,IMU,-43.46,55.66,275.88,250.13,-80.93,-222.00,-9.90,16.05,21.00,28.2
2026/04/15 14:26:49.33,IMU,-233.89,448.24,740.72,250.13,10.59,-186.15,-6.45,42.45,13.05,28.4
2026/04/15 14:26:49.43,IMU,-453.13,1097.17,-159.18,210.89,100.36,-185.85,6.00,57.75,4.50,28.4
2026/04/15 14:26:49.53,IMU,-715.82,1088.87,928.22,46.92,17.37,-214.18,18.90,58.95,-5.10,28.5
2026/04/15 14:26:49.63,IMU,-1243.65,816.41,1004.39,-86.99,3.87,-250.14,40.05,54.75,4.50,28.4
2026/04/15 14:26:49.73,IMU,-1413.57,848.63,1630.86,-152.68,-28.10,-250.14,35.85,30.45,3.30,28.4
2026/04/15 14:26:49.83,IMU,-1344.73,191.41,1361.82,-189.02,-50.66,-250.14,50.40,-0.60,-2.10,28.2
2026/04/15 14:26:49.93,IMU,-654.30,-272.95,643.55,-218.37,-116.43,-250.14,29.85,-24.75,-12.00,28.4
2026/04/15 14:26:50.03,IMU,256.35,213.38,-99.61,-250.14,-147.15,-250.14,3.75,-25.65,-31.20,28.2
2026/04/15 14:26:50.13,IMU,64.94,190.92,-779.79,-226.79,-125.25,-226.83,-4.80,-8.70,-49.65,28.4
2026/04/15 14:26:50.23,IMU,59.57,732.42,-397.46,-219.52,-82.96,-184.95,-2.25,9.75,-57.45,28.2
2026/04/15 14:26:50.33,IMU,133.30,934.57,-535.16,-85.84,-130.19,-141.24,5.55,24.15,-58.80,28.4
2026/04/15 14:26:50.44,IMU,-417.48,998.05,-1590.82,162.10,-237.87,-220.44,23.55,23.40,-56.70,28.4
2026/04/15 14:26:50.54,IMU,-864.75,561.52,-1094.24,220.24,-192.66,-250.14,38.70,-2.40,-46.80,28.2
2026/04/15 14:26:50.64,IMU,-1155.27,-60.55,-1108.89,235.26,-118.61,-250.14,29.85,-22.20,-29.25,28.1
2026/04/15 14:26:50.74,IMU,-706.54,-26.37,-937.99,250.13,-45.39,-199.44,14.55,-28.65,-10.65,28.4
2026/04/15 14:26:50.84,IMU,-127.44,172.85,-140.63,250.13,-69.56,-250.14,-3.75,-13.80,13.95,28.1
2026/04/15 14:26:50.94,IMU,-225.10,71.29,253.91,250.13,40.70,-207.24,-9.45,17.10,21.30,28.4
2026/04/15 14:26:51.04,IMU,-423.83,507.81,971.19,250.13,110.13,-180.24,-0.60,41.70,18.30,28.3
2026/04/15 14:26:51.14,IMU,-432.62,720.21,680.66,153.06,64.67,-161.29,11.55,54.75,9.90,28.4
2026/04/15 14:26:51.24,IMU,-703.13,698.24,1312.99,90.92,17.82,-154.75,23.40,57.00,0.60,28.4
2026/04/15 14:26:51.34,IMU,-1248.05,627.93,1042.97,-83.83,2.05,-250.14,38.25,49.95,4.50,28.3
2026/04/15 14:26:51.44,IMU,-1168.95,349.12,994.63,-147.59,-31.06,-247.80,40.20,27.15,1.20,28.4
2026/04/15 14:26:51.54,IMU,-540.53,347.17,1055.18,-204.51,-41.79,-250.14,47.55,2.10,2.40,28.0
2026/04/15 14:26:51.64,IMU,24.90,77.64,732.42,-250.14,-74.34,-250.14,27.00,-24.75,-10.50,28.4
2026/04/15 14:26:51.75,IMU,421.39,10.74,-161.13,-250.14,-74.59,-250.14,4.80,-27.15,-29.10,28.4
2026/04/15 14:26:51.85,IMU,400.39,286.62,-402.34,-250.14,-124.76,-198.83,-3.60,-9.60,-47.70,28.3
2026/04/15 14:26:51.95,IMU,342.29,863.28,-1000.98,-210.27,-196.92,-192.22,1.05,11.85,-56.85,28.4
2026/04/15 14:26:52.05,IMU,-651.37,712.89,-1110.35,-102.03,-250.14,-151.60,19.35,24.75,-59.70,28.4
2026/04/15 14:26:52.15,IMU,-820.31,973.14,-660.64,-71.35,-250.14,-203.79,43.35,18.60,-42.90,28.2
2026/04/15 14:26:52.25,IMU,-1096.19,538.57,-407.23,6.69,-250.14,-146.24,54.60,7.50,-23.85,28.2
2026/04/15 14:26:52.35,IMU,-1335.45,312.99,-23.93,5.92,-250.14,-128.34,50.25,-1.95,-4.65,28.2
2026/04/15 14:26:52.45,IMU,-1443.36,-7.81,784.67,-72.82,-159.44,-201.39,36.45,-12.45,6.00,28.4
2026/04/15 14:26:52.55,IMU,-890.14,-497.56,875.00,-71.63,-80.65,-248.65,16.20,-24.00,2.40,28.3
2026/04/15 14:26:52.65,IMU,-195.80,-575.20,846.19,-72.23,-72.44,-175.28,-1.80,-24.30,-0.30,28.2
2026/04/15 14:26:52.75,IMU,-286.13,-887.70,618.65,-91.46,-116.26,-182.86,-15.60,-20.10,-9.30,28.2
2026/04/15 14:26:52.85,IMU,-94.24,-765.14,197.75,-121.82,-38.91,-250.14,-26.40,-8.70,-19.20,28.0
2026/04/15 14:26:52.95,IMU,521.97,-148.93,264.16,-18.11,131.36,-250.14,-33.00,17.55,-16.05,28.0
2026/04/15 14:26:53.06,IMU,295.90,80.08,533.20,41.40,218.49,-250.14,-22.80,42.00,-4.65,28.0
2026/04/15 14:26:53.16,IMU,-296.39,524.90,604.98,112.12,229.94,-193.92,-10.35,51.45,2.70,28.2
2026/04/15 14:26:53.26,IMU,-522.46,651.37,734.86,69.52,191.16,-146.18,14.25,60.45,-3.60,28.2
2026/04/15 14:26:53.36,IMU,-982.42,616.70,552.25,20.74,48.47,-243.87,29.55,57.75,-7.65,28.0
2026/04/15 14:26:53.46,IMU,-727.05,624.51,512.21,51.69,43.95,-150.82,44.25,48.00,-10.50,28.2
2026/04/15 14:26:53.56,IMU,-1509.28,261.72,720.70,-71.53,-14.56,-250.14,52.65,34.35,-9.15,28.0
2026/04/15 14:26:53.66,IMU,-871.09,-2.44,382.32,-75.38,-10.21,-250.14,53.85,11.55,-9.30,28.0
2026/04/15 14:26:53.76,IMU,-1111.82,-750.49,743.65,-81.41,-21.71,-212.81,46.35,-6.75,-12.45,28.0
2026/04/15 14:26:53.86,IMU,-518.55,-807.62,604.00,-21.50,-11.54,-207.50,37.80,-18.75,-10.95,28.5
2026/04/15 14:26:53.96,IMU,198.24,-633.79,672.85,-6.35,-1.24,-225.57,26.10,-26.70,-12.45,28.2
2026/04/15 14:26:54.06,IMU,378.42,-595.21,160.64,56.09,-25.50,-200.53,8.25,-29.55,-10.95,28.2
2026/04/15 14:26:54.17,IMU,393.55,-144.53,517.58,121.04,-124.88,-233.15,-6.45,-23.25,-3.75,28.3
2026/04/15 14:26:54.27,IMU,746.09,404.79,240.23,8.92,-250.14,-250.14,-26.10,-7.95,-10.35,28.2
2026/04/15 14:26:54.37,IMU,479.00,729.00,-191.41,-62.44,-250.14,-195.76,-27.90,9.30,-35.10,28.3
2026/04/15 14:26:54.48,IMU,-19.53,542.97,-1066.41,-20.53,-250.14,-13.54,-6.30,16.05,-56.40,28.2
2026/04/15 14:26:54.58,IMU,-226.56,661.13,-695.80,100.20,-250.14,-36.81,18.30,13.65,-59.10,28.4
2026/04/15 14:26:54.68,IMU,-616.21,620.12,-917.97,73.31,-250.14,-66.76,38.25,5.55,-49.05,28.1
2026/04/15 14:26:54.78,IMU,-1017.09,260.25,-495.61,46.82,-250.14,-133.93,46.50,-1.05,-34.20,28.4
2026/04/15 14:26:54.88,IMU,-941.89,190.43,124.02,-6.60,-250.14,-168.27,44.10,-12.30,-12.90,28.3
2026/04/15 14:26:54.98,IMU,-934.57,-80.57,-574.71,-117.29,-224.36,-175.12,32.40,-19.50,0.00,28.0
2026/04/15 14:26:55.08,IMU,-849.61,-758.30,1051.76,-53.86,-250.14,-250.14,13.80,-25.65,0.15,28.2
2026/04/15 14:26:55.18,IMU,43.46,-482.91,213.87,-118.23,-121.48,-144.24,-2.40,-25.05,-9.45,28.4
2026/04/15 14:26:55.28,IMU,743.65,-537.60,604.00,-137.84,-160.49,24.40,-9.30,-23.25,-21.15,28.4
2026/04/15 14:26:55.38,IMU,450.20,-786.62,682.13,-155.11,-146.58,73.31,-0.45,-22.35,-35.10,28.3
2026/04/15 14:26:55.48,IMU,-143.55,-619.14,148.93,-250.14,-197.10,174.45,14.25,-14.55,-47.85,27.7
2026/04/15 14:26:55.58,IMU,-624.02,-255.37,-636.72,-228.21,-155.92,165.61,33.45,7.65,-52.35,28.3
2026/04/15 14:26:55.68,IMU,-459.47,238.28,-539.55,-250.14,-250.14,250.13,41.55,30.90,-39.75,27.9
2026/04/15 14:26:55.78,IMU,-518.55,525.39,-334.47,-39.27,-250.14,178.08,41.55,47.85,-22.35,28.1
2026/04/15 14:26:55.89,IMU,-793.95,341.31,85.45,-36.60,-247.71,137.96,32.25,56.40,-10.65,28.0
2026/04/15 14:26:55.99,IMU,-564.94,734.38,-28.81,35.16,-155.79,-10.14,23.40,58.05,-5.55,28.1
2026/04/15 14:26:56.09,IMU,-370.12,609.86,246.09,82.11,-169.27,-31.21,21.60,59.85,-9.15,28.2
2026/04/15 14:26:56.19,IMU,-455.57,620.12,674.32,38.85,-190.92,17.47,19.35,59.55,-7.05,28.3
2026/04/15 14:26:56.29,IMU,-106.45,685.06,831.05,-63.47,-71.81,140.26,13.80,60.90,-4.35,28.0
2026/04/15 14:26:56.39,IMU,-303.22,958.01,1132.32,67.98,20.99,-49.40,9.45,61.95,-6.15,28.0
2026/04/15 14:26:56.49,IMU,-956.54,741.21,1044.92,-33.40,-30.48,-134.54,14.25,61.20,-5.70,28.2
2026/04/15 14:26:56.59,IMU,-591.80,952.64,1192.38,-154.56,-164.69,-222.11,27.90,54.60,5.10,28.2
2026/04/15 14:26:56.69,IMU,-477.05,481.45,788.09,-215.70,-215.60,-32.66,26.10,39.75,15.60,28.0
2026/04/15 14:26:56.79,IMU,-118.65,38.57,700.68,-250.14,-178.28,71.10,14.55,24.90,28.80,28.2
2026/04/15 14:26:56.89,IMU,643.07,-120.12,626.46,-250.14,-144.85,54.69,1.35,5.10,25.35,28.2
2026/04/15 14:26:56.99,IMU,353.03,-843.75,628.42,-108.06,-102.60,49.56,-9.60,-6.90,15.45,28.1
2026/04/15 14:26:57.09,IMU,509.77,-851.07,359.86,-152.74,-92.40,96.54,-12.45,-15.60,4.05,28.0
2026/04/15 14:26:57.20,IMU,281.25,-704.59,-4.88,-140.60,18.67,160.70,-8.10,-22.65,-8.55,28.2
2026/04/15 14:26:57.30,IMU,-806.15,-591.31,-369.14,-155.14,-183.02,240.41,7.65,-30.15,-21.30,28.4
2026/04/15 14:26:57.40,IMU,-371.58,-123.05,-429.20,-86.41,-227.92,244.65,27.00,-24.30,-29.25,28.3
2026/04/15 14:26:57.50,IMU,-1495.61,-22.95,-326.17,-3.03,-207.11,153.63,45.15,-10.80,-19.20,28.1
2026/04/15 14:26:57.60,IMU,-1245.12,324.22,251.46,39.02,-250.14,158.55,49.50,-0.90,-4.35,28.0
2026/04/15 14:26:57.70,IMU,-1266.60,161.62,349.61,158.28,-242.15,81.69,41.85,12.15,15.90,28.0
2026/04/15 14:26:57.80,IMU,-816.41,639.65,250.00,-16.52,-211.35,2.85,26.25,22.50,25.35,28.2
2026/04/15 14:26:57.90,IMU,-295.41,636.72,981.45,-91.42,-231.02,104.33,12.60,21.75,28.65,28.1
2026/04/15 14:26:58.00,IMU,-105.47,519.53,997.07,-135.57,-166.28,60.37,-5.70,11.85,26.10,28.2
2026/04/15 14:26:58.10,IMU,712.89,707.52,1097.17,-226.08,-152.46,142.14,-17.10,1.20,16.35,28.2
2026/04/15 14:26:58.20,IMU,630.37,-38.09,675.29,-143.40,-111.82,17.89,-19.95,-13.80,0.75,28.0
2026/04/15 14:26:58.30,IMU,477.54,-407.23,457.52,-225.98,-132.69,84.84,-16.20,-18.75,-16.95,28.1
2026/04/15 14:26:58.40,IMU,1053.71,-385.74,-82.03,-208.17,-53.32,162.37,-10.50,-17.10,-33.75,28.2
2026/04/15 14:26:58.51,IMU,422.36,-644.04,-233.89,-220.79,-77.95,132.43,0.45,-12.75,-47.85,28.1
2026/04/15 14:26:58.61,IMU,302.73,-677.73,-618.65,-198.50,-53.68,119.24,10.20,-0.45,-55.65,28.3
2026/04/15 14:26:58.71,IMU,229.49,-344.73,-1175.78,-34.51,-109.22,174.24,18.00,11.10,-59.10,28.0
2026/04/15 14:26:58.81,IMU,-752.44,-574.71,-533.20,-200.57,-179.95,11.52,27.00,19.50,-54.75,28.2
2026/04/15 14:26:58.91,IMU,-342.77,-196.78,-961.43,-63.18,-247.15,28.73,39.30,31.05,-45.30,28.3
2026/04/15 14:26:59.01,IMU,-855.47,169.92,-1429.69,-28.85,-250.14,87.59,48.00,36.60,-24.75,28.2
2026/04/15 14:26:59.11,IMU,-1179.20,143.55,-93.26,-7.24,-250.14,111.60,42.75,45.30,-6.15,28.0
2026/04/15 14:26:59.21,IMU,-625.00,254.39,187.01,58.31,-250.14,27.35,30.90,49.50,7.05,28.2
2026/04/15 14:26:59.31,IMU,-445.80,243.16,316.89,8.51,-250.14,111.85,16.65,51.60,11.10,28.3
2026/04/15 14:26:59.41,IMU,-224.61,430.18,134.77,-6.63,-209.91,104.33,1.50,51.90,9.00,28.4
2026/04/15 14:26:59.51,IMU,183.11,202.64,358.40,26.83,-194.37,-93.40,-7.35,52.65,2.25,28.0
2026/04/15 14:26:59.61,IMU,267.58,707.52,667.48,116.61,-81.03,-43.53,-8.70,56.40,-9.00,28.0
2026/04/15 14:26:59.71,IMU,153.32,948.73,708.01,64.36,-34.39,-64.78,-5.55,59.40,-15.60,27.9
2026/04/15 14:26:59.82,IMU,-310.55,893.07,802.25,-102.09,49.00,-188.66,0.00,59.85,-16.20,27.8
2026/04/15 14:26:59.92,IMU,-975.10,938.48,667.48,-201.30,169.42,-250.14,23.40,60.60,1.05,28.0
2026/04/15 14:27:00.02,IMU,-480.96,807.13,777.83,-139.37,147.82,-250.14,45.15,34.95,1.80,28.0
2026/04/15 14:27:00.12,IMU,-463.87,-399.41,428.22,-146.56,107.63,-240.74,54.45,10.35,-10.50,28.0
2026/04/15 14:27:00.22,IMU,-1207.03,-635.25,-354.00,-81.10,172.66,-167.85,49.80,-2.85,-22.20,28.4
2026/04/15 14:27:00.32,IMU,-756.35,-668.95,-206.54,-7.46,113.74,-250.14,39.75,-14.85,-30.15,28.0
2026/04/15 14:27:00.42,IMU,-89.36,-591.80,-266.60,152.94,109.38,-250.14,21.75,-24.60,-30.15,27.9
2026/04/15 14:27:00.52,IMU,448.73,-328.13,801.76,216.28,157.14,-236.21,0.90,-26.70,-13.95,28.0
2026/04/15 14:27:00.62,IMU,173.83,-80.57,585.94,250.13,108.69,-147.38,-10.35,-17.40,5.25,28.0
2026/04/15 14:27:00.72,IMU,160.64,419.43,1017.58,250.13,146.84,-60.60,-8.55,1.35,20.85,28.0
2026/04/15 14:27:00.82,IMU,-169.92,744.63,497.56,218.14,196.92,80.53,1.80,18.75,26.10,28.3
2026/04/15 14:27:00.92,IMU,104.49,910.16,637.70,64.54,114.27,-33.24,13.05,33.75,25.95,28.0
2026/04/15 14:27:01.03,IMU,-229.49,707.52,415.04,-74.34,144.53,81.63,24.00,31.20,24.90,27.8
2026/04/15 14:27:01.13,IMU,-187.99,892.09,581.54,40.66,-12.23,37.94,22.65,34.05,24.30,28.1
2026/04/15 14:27:01.23,IMU,-1149.41,732.42,461.91,-171.60,60.76,-134.76,27.60,28.95,25.20,28.3
2026/04/15 14:27:01.33,IMU,-941.41,708.01,554.69,-14.34,195.77,102.35,35.55,25.35,22.05,28.0
2026/04/15 14:27:01.43,IMU,-649.41,659.67,859.38,-151.49,180.95,-127.15,43.20,18.75,15.15,28.4
2026/04/15 14:27:01.53,IMU,-812.99,333.01,872.56,-175.57,220.46,-143.60,49.20,1.20,-3.00,28.2
2026/04/15 14:27:01.63,IMU,-959.47,526.37,142.58,-54.11,250.13,-164.92,45.90,-7.20,-23.40,28.2
2026/04/15 14:27:01.73,IMU,-1039.55,135.25,-888.18,-48.32,207.82,-188.78,31.80,-13.80,-38.70,28.3
2026/04/15 14:27:01.83,IMU,-635.25,-345.70,-1220.21,101.37,205.87,-198.40,12.45,-19.05,-42.60,27.9
2026/04/15 14:27:01.93,IMU,-494.63,-269.53,-1056.15,250.13,193.18,-173.93,-2.85,-25.05,-25.80,28.1
2026/04/15 14:27:02.03,IMU,359.86,-813.48,-162.60,126.47,-6.79,-68.06,-15.45,-19.50,-7.35,28.2
2026/04/15 14:27:02.13,IMU,83.01,-705.08,643.07,230.65,-31.09,-49.02,-15.45,-11.10,6.30,28.2
2026/04/15 14:27:02.23,IMU,101.07,-504.88,1300.29,243.01,113.94,6.67,-14.85,1.20,17.85,28.3
2026/04/15 14:27:02.34,IMU,-272.46,-200.68,951.17,220.18,82.89,-5.39,-15.15,12.90,26.10,28.1
2026/04/15 14:27:02.44,IMU,-254.88,99.61,706.05,207.44,70.02,0.17,-7.50,28.50,22.65,28.4
2026/04/15 14:27:02.54,IMU,-104.49,856.45,493.65,250.13,-46.56,17.86,-3.60,47.70,12.30,28.2
2026/04/15 14:27:02.64,IMU,-1.46,1390.14,976.07,250.13,41.32,9.45,-4.05,57.45,-18.90,28.2
2026/04/15 14:27:02.74,IMU,-266.11,997.07,-852.05,250.13,39.93,-35.79,-7.80,43.65,-44.10,28.4
2026/04/15 14:27:02.84,IMU,2.93,503.91,-1021.48,250.13,39.66,-109.76,-7.20,24.75,-52.95,28.2
2026/04/15 14:27:02.94,IMU,-21.97,172.36,-644.53,201.85,58.35,-141.99,-9.60,10.35,-53.40,28.3
2026/04/15 14:27:03.04,IMU,87.89,-409.67,-1229.00,55.85,22.26,-63.56,-14.85,6.00,-50.40,28.0
2026/04/15 14:27:03.14,IMU,424.80,-482.42,-895.02,-43.35,10.50,-34.61,-16.35,4.20,-48.30,28.2
2026/04/15 14:27:03.24,IMU,240.23,-460.45,-824.71,-78.87,-0.35,-17.57,-17.55,7.65,-47.40,28.0
2026/04/15 14:27:03.35,IMU,135.25,204.59,-596.68,-224.76,35.32,51.60,-21.00,13.50,-43.35,28.3
2026/04/15 14:27:03.45,IMU,370.12,816.89,-431.64,-250.14,48.82,94.45,-20.10,30.30,-40.65,27.9
2026/04/15 14:27:03.55,IMU,70.80,863.77,-64.45,-250.14,3.92,47.24,-24.90,37.65,-23.25,28.0
2026/04/15 14:27:03.65,IMU,259.28,729.98,405.27,-250.14,67.76,-62.84,-24.90,38.85,-7.35,28.1
2026/04/15 14:27:03.75,IMU,343.75,780.76,1108.89,-250.14,5.50,-67.70,-21.90,37.35,4.50,28.2
2026/04/15 14:27:03.85,IMU,198.24,22.46,1206.54,-250.14,32.53,-62.59,-18.90,26.70,14.55,28.4
2026/04/15 14:27:03.95,IMU,315.92,-217.29,1262.21,-194.09,34.92,-11.18,-15.30,17.10,19.50,28.2
2026/04/15 14:27:04.05,IMU,31.74,-647.95,699.22,-132.05,39.47,-54.17,-14.70,8.10,18.00,28.2
2026/04/15 14:27:04.16,IMU,-66.89,-932.62,1046.39,-82.24,-28.82,-42.69,-13.05,4.20,18.15,28.0
2026/04/15 14:27:04.26,IMU,340.33,-777.83,773.44,-12.16,-10.92,-23.83,-18.75,4.35,15.90,28.2
2026/04/15 14:27:04.36,IMU,188.48,-685.55,520.51,-11.52,-4.34,-24.96,-17.25,1.80,12.30,27.9
2026/04/15 14:27:04.46,IMU,236.33,-604.00,51.27,250.13,17.66,27.77,-18.15,7.20,16.80,28.1
2026/04/15 14:27:04.56,IMU,122.07,2.44,1019.53,250.13,-36.71,-52.67,-17.40,28.20,17.10,28.2
2026/04/15 14:27:04.66,IMU,218.75,610.84,-104.00,250.13,-6.46,-36.63,-16.95,45.45,3.45,28.0
2026/04/15 14:27:04.76,IMU,138.67,979.98,-552.73,250.13,0.75,-83.26,-13.35,52.50,-18.00,28.1
2026/04/15 14:27:04.86,IMU,-29.79,954.10,-769.04,250.13,8.21,-80.74,-9.30,47.70,-37.05,28.0
2026/04/15 14:27:04.96,IMU,-170.41,669.92,-831.54,237.74,10.75,-61.78,-6.00,36.15,-49.50,28.2
2026/04/15 14:27:05.06,IMU,-141.11,360.84,-944.34,208.98,17.31,-79.31,-4.05,19.05,-55.95,28.3
2026/04/15 14:27:05.16,IMU,-73.24,155.27,-970.21,159.45,64.17,-48.89,-9.00,8.40,-54.45,28.0
2026/04/15 14:27:05.26,IMU,-6.84,-265.63,-1873.05,50.58,17.77,-69.76,-10.80,3.60,-53.40,28.2
2026/04/15 14:27:05.36,IMU,-0.98,-368.16,-1389.65,32.15,6.77,-12.23,-12.90,3.30,-49.80,28.1
2026/04/15 14:27:05.47,IMU,271.97,-67.38,-1044.92,-29.12,66.39,-16.13,-15.45,3.30,-48.00,28.0
2026/04/15 14:27:05.57,IMU,145.02,-147.95,-931.15,95.56,97.51,-6.85,-20.25,3.00,-43.65,27.8
2026/04/15 14:27:05.67,IMU,367.19,-468.75,-688.48,15.96,27.99,-63.05,-21.60,1.35,-39.60,27.9
2026/04/15 14:27:05.77,IMU,383.79,-268.55,-608.89,-92.31,-84.08,-89.15,-23.55,8.70,-40.80,27.8
2026/04/15 14:27:05.87,IMU,-214.36,186.04,-443.85,-168.96,-112.56,-78.72,-19.35,16.95,-47.40,27.9
2026/04/15 14:27:05.97,IMU,-52.25,574.71,-628.42,-208.02,-78.99,-90.88,-12.45,32.70,-46.05,28.4
2026/04/15 14:27:06.07,IMU,-511.72,759.77,-621.58,-197.61,-1.80,-18.32,-9.00,45.90,-38.55,28.0
2026/04/15 14:27:06.17,IMU,267.09,1009.77,-744.14,-177.59,72.11,51.53,-11.25,53.85,-24.90,27.9
2026/04/15 14:27:06.27,IMU,26.86,1146.97,14.65,-131.21,36.59,11.62,-14.40,53.25,-14.10,28.2
2026/04/15 14:27:06.37,IMU,-155.27,1197.27,225.10,-225.08,6.48,-60.99,-13.80,50.40,-2.25,27.9
2026/04/15 14:27:06.47,IMU,883.79,1723.14,467.77,-132.05,24.25,-8.97,-11.55,49.20,9.45,27.8
2026/04/15 14:27:06.57,IMU,-156.25,1454.59,853.03,-250.14,-2.25,-56.33,-8.40,39.00,19.95,27.8
2026/04/15 14:27:06.67,IMU,256.35,754.88,949.22,-250.14,-38.22,-90.44,-5.40,19.50,26.85,28.2
2026/04/15 14:27:06.78,IMU,-305.18,-408.69,812.50,-182.66,-43.21,92.76,-6.75,1.05,20.85,28.2
2026/04/15 14:27:06.88,IMU,-304.69,-611.82,859.86,-112.96,-39.60,17.62,-7.35,-9.75,13.95,28.1
2026/04/15 14:27:06.98,IMU,-254.88,-874.51,115.72,14.08,-83.15,4.46,-9.30,-14.40,8.40,28.0
2026/04/15 14:27:07.08,IMU,58.59,-507.32,430.66,209.65,-54.30,-45.34,-11.85,-11.85,11.25,28.0
2026/04/15 14:27:07.18,IMU,257.81,632.32,483.89,250.13,-73.68,-114.15,-17.10,9.00,15.60,28.1
2026/04/15 14:27:07.28,IMU,50.29,1119.14,-26.86,250.13,-107.47,-98.08,-21.60,34.35,8.70,28.0
2026/04/15 14:27:07.38,IMU,50.29,1314.45,-951.66,250.13,-46.18,-59.82,-18.90,48.60,-12.90,28.0
2026/04/15 14:27:07.48,IMU,150.39,1339.36,-1157.71,250.13,45.36,-13.30,-16.50,43.95,-34.95,28.0
2026/04/15 14:27:07.58,IMU,57.62,436.52,-339.36,172.24,37.18,-9.97,-14.85,32.70,-45.00,28.4
2026/04/15 14:27:07.68,IMU,-69.82,273.44,-995.12,206.43,-24.48,-86.47,-14.85,22.65,-49.95,28.1
2026/04/15 14:27:07.78,IMU,-105.96,-179.20,-1607.42,223.12,10.96,-115.44,-10.80,12.90,-51.30,28.0
2026/04/15 14:27:07.88,IMU,37.11,-424.80,-726.56,250.13,56.50,-61.40,-13.50,1.65,-47.85,28.0
2026/04/15 14:27:07.98,IMU,-26.37,-883.30,104.49,125.89,36.31,-2.68,-14.85,-8.70,-41.85,28.0
2026/04/15 14:27:08.09,IMU,505.37,-876.46,134.77,-50.10,2.79,-12.21,-14.25,-11.55,-39.45,28.0
2026/04/15 14:27:08.19,IMU,110.35,-632.81,-248.54,-121.10,-64.54,-32.20,-10.95,-6.45,-45.00,28.1
2026/04/15 14:27:08.29,IMU,-116.21,-466.31,-529.79,-188.53,-21.90,72.59,-5.10,2.40,-52.80,27.9
2026/04/15 14:27:08.39,IMU,-276.86,333.98,-732.91,-250.14,-11.64,83.99,-2.85,16.65,-56.55,27.9
2026/04/15 14:27:08.49,IMU,-208.01,740.72,-1168.46,-250.14,41.85,21.85,-5.40,39.60,-47.40,28.0
2026/04/15 14:27:08.59,IMU,-94.24,1141.11,-825.68,-20.08,21.32,32.64,-7.35,48.30,-36.15,28.0
2026/04/15 14:27:08.69,IMU,-48.83,665.53,-708.01,-99.85,84.51,-65.91,-9.45,49.80,-33.75,27.8
2026/04/15 14:27:08.79,IMU,-230.96,888.18,-107.91,-109.66,59.63,-89.45,-6.30,53.85,-27.00,28.0
2026/04/15 14:27:08.89,IMU,-287.11,1011.72,-638.67,-116.78,28.98,-72.40,-2.85,59.55,-19.05,28.1
2026/04/15 14:27:08.99,IMU,190.43,832.52,-568.36,-112.35,20.31,-106.09,3.15,59.85,-7.35,28.2
2026/04/15 14:27:09.09,IMU,45.41,1091.80,-829.10,150.62,75.75,87.66,7.35,59.70,-3.60,27.8
2026/04/15 14:27:09.19,IMU,136.23,1064.45,-1308.11,174.37,53.08,113.55,-2.25,61.65,-15.30,28.0
2026/04/15 14:27:09.29,IMU,122.56,799.80,-1340.33,250.13,59.88,102.40,-13.50,52.35,-32.25,28.0
2026/04/15 14:27:09.39,IMU,289.55,152.83,-1135.25,250.13,39.57,72.22,-17.40,33.45,-43.65,28.2
2026/04/15 14:27:09.50,IMU,335.45,-225.10,-497.07,234.65,23.76,100.48,-20.85,12.15,-43.80,27.8
2026/04/15 14:27:09.60,IMU,547.36,-561.04,-1325.20,221.95,38.98,115.53,-20.55,-1.80,-39.15,28.1
2026/04/15 14:27:09.70,IMU,91.80,-665.04,-592.29,250.13,168.56,72.92,-17.55,-15.90,-21.45,28.2
2026/04/15 14:27:09.80,IMU,-104.98,-590.33,507.32,209.27,158.07,119.17,-10.05,-16.95,3.75,28.0
2026/04/15 14:27:09.90,IMU,-408.20,33.69,945.80,234.94,70.66,215.86,4.65,-8.40,19.80,27.7
2026/04/15 14:27:10.00,IMU,-565.43,477.05,1047.36,153.50,-2.47,250.13,16.35,9.00,26.70,28.0
2026/04/15 14:27:10.10,IMU,-423.34,590.33,1130.37,115.28,-51.94,175.89,15.45,22.20,28.20,28.1
2026/04/15 14:27:10.20,IMU,-548.83,576.17,941.41,-16.42,-25.23,120.18,10.20,28.95,28.35,28.0
2026/04/15 14:27:10.30,IMU,-146.48,705.57,1043.46,-112.11,-47.08,83.30,5.70,24.30,27.90,28.2
2026/04/15 14:27:10.40,IMU,-63.48,623.54,1029.30,-136.15,12.05,103.20,3.90,12.90,27.90,27.8
2026/04/15 14:27:10.50,IMU,-85.45,483.89,1146.97,-196.20,-14.84,84.53,3.15,-1.35,27.60,28.1
2026/04/15 14:27:10.60,IMU,133.79,203.61,1773.93,-214.66,-11.12,81.56,7.35,-12.75,16.35,28.0
2026/04/15 14:27:10.70,IMU,152.83,-235.35,967.29,-250.14,-6.31,73.89,10.50,-23.40,0.75,27.6
2026/04/15 14:27:10.81,IMU,-244.14,-494.14,610.35,-250.14,-48.57,28.13,14.40,-26.55,-19.80,28.0
2026/04/15 14:27:10.91,IMU,441.41,-367.68,-248.05,-250.14,-72.66,96.99,17.10,-18.60,-42.15,27.7
2026/04/15 14:27:11.01,IMU,200.68,-460.94,-733.40,-243.53,-9.59,89.77,22.35,-0.30,-54.45,28.0
2026/04/15 14:27:11.11,IMU,127.44,-286.62,-816.41,-250.14,-47.02,188.20,26.40,17.55,-57.75,28.0
2026/04/15 14:27:11.21,IMU,-290.04,355.47,-595.70,-196.42,-9.00,224.91,22.50,38.25,-50.40,28.0
2026/04/15 14:27:11.31,IMU,-370.61,391.11,-624.51,-123.26,29.73,141.22,11.25,52.65,-40.05,27.8
2026/04/15 14:27:11.41,IMU,-191.89,430.66,-1385.74,-44.76,17.57,119.59,2.10,56.25,-32.10,27.9
2026/04/15 14:27:11.51,IMU,19.04,845.21,-1197.75,94.70,-38.54,102.55,-10.05,54.00,-28.20,28.0
2026/04/15 14:27:11.61,IMU,-63.96,512.21,-1020.02,183.41,-101.45,9.02,-8.10,47.10,-46.05,28.0
2026/04/15 14:27:11.71,IMU,27.34,466.80,-1103.52,192.45,-129.31,-37.28,2.40,34.80,-55.80,28.1
2026/04/15 14:27:11.81,IMU,-646.48,-133.30,-1018.55,250.13,-162.47,-18.17,12.90,16.65,-60.15,28.0
2026/04/15 14:27:11.91,IMU,-739.75,-417.48,-471.19,250.13,-58.69,-4.03,21.45,-5.25,-53.25,27.9
2026/04/15 14:27:12.01,IMU,-445.80,-443.36,-454.10,250.13,-58.92,-15.18,20.85,-22.20,-36.00,27.8
2026/04/15 14:27:12.12,IMU,-266.11,-302.25,661.13,250.13,-98.64,68.80,23.40,-27.30,-12.00,28.0
2026/04/15 14:27:12.22,IMU,-217.29,147.46,590.82,250.13,-67.11,63.75,24.15,-16.20,9.15,28.0
2026/04/15 14:27:12.32,IMU,-173.83,377.44,1182.13,174.60,-7.82,118.35,24.45,3.60,23.25,28.0
2026/04/15 14:27:12.42,IMU,-123.05,689.45,708.01,98.56,48.90,135.78,28.20,16.35,24.15,28.0
2026/04/15 14:27:12.52,IMU,28.81,676.27,1048.34,-26.90,-33.75,127.58,27.00,19.50,25.05,27.7
2026/04/15 14:27:12.62,IMU,88.87,383.30,480.47,-75.97,9.66,83.74,25.05,21.90,25.65,28.0
2026/04/15 14:27:12.72,IMU,195.31,645.02,1086.43,-118.28,-3.22,57.67,27.15,17.85,25.65,28.2
2026/04/15 14:27:12.82,IMU,93.26,515.14,907.23,-250.14,5.98,33.25,26.40,6.75,23.10,28.0
2026/04/15 14:27:12.92,IMU,171.88,-153.32,1009.77,-200.31,-27.72,40.13,26.10,-7.50,15.60,28.0
2026/04/15 14:27:13.03,IMU,85.94,-487.79,1091.80,-229.46,-27.36,38.98,27.30,-14.70,5.55,28.0
2026/04/15 14:27:13.13,IMU,110.84,-561.52,1159.18,-248.79,-32.61,60.26,29.85,-21.45,-7.65,28.2
2026/04/15 14:27:13.23,IMU,-82.03,-571.78,690.43,-250.14,-45.02,83.18,34.05,-18.30,-22.35,27.9
2026/04/15 14:27:13.33,IMU,-62.01,-182.13,-418.95,-250.14,-31.29,69.27,39.45,-7.95,-36.90,27.9
2026/04/15 14:27:13.43,IMU,-517.58,-308.59,-429.20,-250.14,33.44,103.53,42.90,10.35,-45.60,28.0
2026/04/15 14:27:13.53,IMU,-799.32,-54.69,-665.04,-202.42,30.66,102.35,41.10,29.55,-44.10,28.0
2026/04/15 14:27:13.63,IMU,-329.10,313.96,-846.19,-132.69,40.94,59.37,38.40,41.25,-36.90,27.9
2026/04/15 14:27:13.73,IMU,-238.77,405.76,-1074.22,-65.24,56.55,56.03,34.80,46.80,-36.15,28.0
2026/04/15 14:27:13.83,IMU,-96.68,368.65,-1347.17,89.53,10.64,82.31,28.20,50.40,-38.25,27.7
2026/04/15 14:27:13.93,IMU,-30.76,342.77,-1756.84,250.13,2.75,103.46,25.35,43.50,-48.90,27.9
2026/04/15 14:27:14.03,IMU,-173.83,-230.96,-1170.41,250.13,-6.98,129.84,20.70,24.90,-57.45,27.7
2026/04/15 14:27:14.13,IMU,-17.58,-537.11,-1234.86,250.13,-15.76,113.69,21.90,5.55,-56.85,27.8
2026/04/15 14:27:14.23,IMU,-291.02,-428.22,-33.20,250.13,-0.14,134.47,28.05,-13.95,-43.80,27.8
2026/04/15 14:27:14.34,IMU,-571.29,-531.25,404.79,235.66,-0.67,124.56,34.80,-19.35,-28.35,28.2
2026/04/15 14:27:14.44,IMU,-722.17,-326.17,727.54,153.19,47.76,106.91,41.55,-16.35,-16.05,27.8
2026/04/15 14:27:14.54,IMU,-207.52,-36.62,703.13,123.75,68.92,100.71,44.85,-10.80,-15.30,28.2
2026/04/15 14:27:14.64,IMU,-1039.55,240.23,502.44,51.29,147.22,167.46,50.10,-1.05,-18.00,28.0
2026/04/15 14:27:14.74,IMU,-801.76,403.81,-604.49,32.29,162.24,75.43,50.85,4.35,-28.65,28.0
2026/04/15 14:27:14.84,IMU,-930.66,386.72,-400.39,57.51,137.53,4.24,46.65,7.95,-37.20,27.9
2026/04/15 14:27:14.94,IMU,-969.73,244.14,-782.71,95.97,124.92,-47.92,41.10,7.65,-45.60,28.0
2026/04/15 14:27:15.04,IMU,-840.82,367.19,-316.89,3.88,24.70,149.97,36.90,4.20,-48.30,28.1
2026/04/15 14:27:15.14,IMU,-419.43,461.43,-919.43,-13.73,38.99,-22.28,36.60,7.50,-50.70,27.9
2026/04/15 14:27:15.24,IMU,-351.07,325.20,-936.52,-15.43,145.34,-13.11,30.60,6.60,-52.35,28.0
2026/04/15 14:27:15.34,IMU,-194.34,502.44,-1257.32,17.02,250.13,-111.56,14.85,7.95,-57.75,28.2
2026/04/15 14:27:15.44,IMU,182.13,400.88,-840.33,-109.44,250.13,-10.50,-12.60,5.85,-51.30,28.0
2026/04/15 14:27:15.54,IMU,765.14,500.98,-906.25,75.72,224.82,60.47,-27.90,8.25,-31.20,27.9
2026/04/15 14:27:15.64,IMU,1072.75,285.64,-167.48,57.46,149.05,67.78,-30.75,3.45,-15.60,28.0
2026/04/15 14:27:15.75,IMU,841.80,86.43,108.40,114.62,161.42,-65.86,-29.70,2.40,-9.60,28.2
2026/04/15 14:27:15.85,IMU,990.23,224.61,-215.82,135.84,67.14,162.74,-26.10,4.20,2.55,27.8
2026/04/15 14:27:15.95,IMU,1105.96,132.32,289.06,213.34,18.18,137.92,-19.95,3.00,9.60,27.5
2026/04/15 14:27:16.05,IMU,870.61,-199.22,195.31,212.40,92.81,169.40,-16.50,6.90,15.45,27.8
2026/04/15 14:27:16.15,IMU,795.90,-604.98,685.55,81.10,108.50,165.76,-10.35,7.35,18.75,27.8
2026/04/15 14:27:16.25,IMU,689.94,-466.31,647.46,27.19,72.31,128.16,-6.60,7.50,24.15,28.0
2026/04/15 14:27:16.35,IMU,540.04,-522.95,759.77,-18.14,48.98,180.93,-0.60,8.10,25.35,27.8
2026/04/15 14:27:16.45,IMU,-284.67,-661.13,905.27,-60.38,65.10,166.02,13.95,4.05,25.80,28.0
2026/04/15 14:27:16.55,IMU,31.74,-1405.27,978.52,-72.20,62.86,22.72,19.20,2.40,23.40,27.9
2026/04/15 14:27:16.65,IMU,-352.05,-967.77,57.62,-24.83,3.12,56.18,21.60,-0.60,23.25,27.9
2026/04/15 14:27:16.75,IMU,-369.14,-509.28,801.27,-17.13,-83.53,183.34,22.05,-0.45,23.85,28.0
2026/04/15 14:27:16.85,IMU,-573.73,-542.97,229.00,42.63,60.06,-13.01,24.45,3.30,23.25,28.0
2026/04/15 14:27:16.95,IMU,-703.13,-506.35,684.08,30.69,-52.76,67.03,26.25,6.15,23.25,27.9
2026/04/15 14:27:17.06,IMU,330.08,110.84,745.12,117.50,-3.63,250.13,25.35,13.80,24.15,28.1
2026/04/15 14:27:17.16,IMU,-883.79,164.06,490.23,85.32,12.78,199.05,24.15,28.50,24.75,28.0
2026/04/15 14:27:17.26,IMU,-438.96,750.98,353.03,155.04,17.18,250.13,20.70,40.80,19.95,27.8
2026/04/15 14:27:17.36,IMU,-540.04,1108.40,170.90,200.89,32.15,250.13,7.20,51.45,13.35,28.1
2026/04/15 14:27:17.46,IMU,-458.01,979.49,401.86,53.36,44.52,200.98,-8.70,51.60,4.35,27.8
2026/04/15 14:27:17.56,IMU,418.46,1405.27,-477.05,88.75,85.39,194.02,-16.20,46.20,6.00,28.0
2026/04/15 14:27:17.66,IMU,1307.13,1052.73,36.13,114.57,7.97,250.13,-25.05,39.75,1.20,28.0
2026/04/15 14:27:17.76,IMU,460.94,190.92,-153.81,72.40,2.62,196.82,-31.50,21.90,-2.25,27.8
2026/04/15 14:27:17.86,IMU,601.56,-186.52,-128.91,-1.24,-12.43,155.71,-30.45,7.95,-3.00,27.8
2026/04/15 14:27:17.96,IMU,993.16,-396.97,458.98,-28.42,-53.03,71.04,-29.40,2.70,-3.60,28.1
2026/04/15 14:27:18.06,IMU,806.15,-289.06,-427.73,43.43,-40.23,19.31,-27.00,-2.10,-6.00,27.8
2026/04/15 14:27:18.16,IMU,1010.74,-472.17,-500.98,-16.27,-46.98,27.16,-28.50,-2.85,-7.65,27.9
2026/04/15 14:27:18.26,IMU,727.05,-192.87,-366.70,-97.02,-124.40,34.27,-26.85,-4.50,-12.45,28.0
2026/04/15 14:27:18.36,IMU,852.05,-219.24,-499.51,79.69,-56.76,182.07,-24.45,-11.10,-17.55,27.8
2026/04/15 14:27:18.47,IMU,212.40,-221.19,-377.93,56.12,-128.91,250.13,-9.30,-22.50,-18.00,28.0
2026/04/15 14:27:18.57,IMU,-488.77,-428.71,-365.72,-65.49,-67.21,250.13,18.00,-29.25,-18.30,27.6
2026/04/15 14:27:18.67,IMU,-684.57,-14.65,-409.18,-93.26,-85.90,250.13,36.15,-20.55,-17.10,28.1
2026/04/15 14:27:18.77,IMU,-1044.43,-119.63,-346.68,-18.37,-50.45,201.56,51.75,-0.15,-18.90,28.0
2026/04/15 14:27:18.87,IMU,-945.31,119.14,-399.90,-37.36,-25.48,108.07,53.10,14.25,-16.35,28.0
2026/04/15 14:27:18.97,IMU,-1121.58,384.77,-296.39,-32.25,-8.22,16.23,54.75,21.00,-15.15,27.9
2026/04/15 14:27:19.07,IMU,-1198.73,212.89,-551.76,-30.11,5.34,-50.08,55.35,21.90,-14.55,27.9
2026/04/15 14:27:19.17,IMU,-1663.09,247.56,-608.89,-7.98,29.91,-155.02,54.45,13.20,-15.90,27.7
2026/04/15 14:27:19.27,IMU,-1443.36,77.15,-788.09,103.73,-52.64,-250.14,50.85,-3.30,-13.80,27.9
2026/04/15 14:27:19.37,IMU,-591.80,-98.14,-594.24,160.45,-115.51,-250.14,35.25,-19.50,-4.20,27.8
2026/04/15 14:27:19.47,IMU,-730.96,-590.33,-317.38,110.94,-91.69,-250.14,14.40,-19.95,7.65,28.0
2026/04/15 14:27:19.57,IMU,388.18,-486.82,317.87,76.81,-96.93,-229.47,-5.85,-14.55,13.95,27.8
2026/04/15 14:27:19.67,IMU,302.73,-975.10,-229.98,58.20,-128.94,-109.73,-22.50,-3.75,14.25,27.8
2026/04/15 14:27:19.78,IMU,577.15,-312.01,15.63,-38.32,-138.51,-250.14,-30.90,13.65,-0.30,27.9
2026/04/15 14:27:19.88,IMU,750.49,339.84,-177.73,-80.23,-101.73,-250.14,-28.20,34.95,-7.95,27.8
2026/04/15 14:27:19.98,IMU,961.43,617.68,-540.04,-81.79,-10.84,-235.20,-12.60,51.45,-6.00,27.9
2026/04/15 14:27:20.08,IMU,916.50,858.40,46.39,-36.84,84.90,-97.49,1.05,55.50,-1.05,27.5
2026/04/15 14:27:20.18,IMU,587.40,762.70,298.83,-48.19,70.51,-57.52,9.00,60.60,1.65,27.9
2026/04/15 14:27:20.28,IMU,701.66,932.13,196.29,-45.81,0.26,11.48,12.90,57.30,6.60,27.8
2026/04/15 14:27:20.38,IMU,889.65,891.60,395.02,-48.34,-19.11,122.92,9.00,55.50,7.65,27.8
2026/04/15 14:27:20.48,IMU,848.63,959.47,238.28,-121.95,-85.24,243.78,-3.30,49.35,12.45,27.9
2026/04/15 14:27:20.58,IMU,957.03,334.47,511.72,-97.60,-8.02,205.79,-14.85,35.25,15.30,27.8
2026/04/15 14:27:20.68,IMU,1196.78,187.01,739.26,-108.79,58.14,184.30,-16.50,19.50,18.75,27.6
2026/04/15 14:27:20.78,IMU,856.93,-126.46,153.32,-222.56,69.12,210.27,-10.80,3.30,19.80,27.8
2026/04/15 14:27:20.88,IMU,421.39,-304.69,-159.67,-250.14,40.74,216.50,2.25,-18.60,9.30,27.9
2026/04/15 14:27:20.98,IMU,154.79,-845.70,-538.09,-173.24,-1.99,73.66,12.60,-27.30,-4.95,27.8
2026/04/15 14:27:21.09,IMU,166.02,-628.42,-1083.98,-175.05,34.15,25.50,18.75,-28.50,-16.50,27.9
2026/04/15 14:27:21.19,IMU,216.80,-530.27,-570.31,-236.26,154.66,68.87,20.25,-23.40,-33.00,27.9
2026/04/15 14:27:21.29,IMU,-29.79,-258.30,-764.65,-250.14,86.73,-43.97,15.60,-12.00,-50.70,28.0
2026/04/15 14:27:21.39,IMU,-66.41,433.11,-369.63,-232.53,-21.29,-148.20,9.60,4.35,-59.40,27.6
2026/04/15 14:27:21.49,IMU,131.35,810.06,-1057.13,-113.85,-144.64,-110.55,13.95,19.50,-60.15,27.6
2026/04/15 14:27:21.59,IMU,-758.30,529.30,-994.14,-11.41,-186.14,-132.37,27.30,22.95,-56.25,27.6
2026/04/15 14:27:21.70,IMU,-1071.29,692.38,-805.66,29.34,-155.47,-228.41,40.05,14.70,-48.75,27.8
2026/04/15 14:27:21.80,IMU,-1119.14,398.44,-644.04,26.29,-115.86,-250.14,42.30,-2.40,-41.10,28.0
2026/04/15 14:27:21.90,IMU,-1406.74,-106.45,-395.02,9.74,-144.19,-250.14,33.90,-15.90,-33.60,27.5
2026/04/15 14:27:22.00,IMU,-1342.29,-162.11,-436.04,75.64,-151.24,-250.14,19.35,-26.25,-25.80,27.6
2026/04/15 14:27:22.10,IMU,-696.78,-483.89,264.65,15.67,-85.65,-250.14,-1.50,-26.40,-21.30,27.6
2026/04/15 14:27:22.20,IMU,439.45,-256.84,430.66,40.59,-50.98,-250.14,-22.80,-11.55,-22.35,27.5
2026/04/15 14:27:22.30,IMU,875.98,-510.25,507.32,-35.21,-71.08,-60.11,-30.75,6.00,-22.05,27.8
2026/04/15 14:27:22.40,IMU,508.30,-535.64,-486.82,-30.98,-36.55,-177.99,-29.70,15.30,-30.15,27.7
2026/04/15 14:27:22.51,IMU,820.80,-62.01,-27.83,26.84,-86.18,-195.26,-28.20,26.70,-31.65,27.8
2026/04/15 14:27:22.61,IMU,1258.79,482.42,494.63,-82.43,105.16,-223.33,-19.95,41.25,-33.30,27.8
2026/04/15 14:27:22.71,IMU,453.61,664.06,395.51,-108.83,214.66,-250.14,-11.70,52.65,-22.80,28.0
2026/04/15 14:27:22.81,IMU,724.61,775.39,576.17,25.07,81.07,121.55,-2.25,58.65,-12.15,27.8
2026/04/15 14:27:22.91,IMU,306.15,170.90,-59.57,-13.57,25.35,-85.88,-3.60,59.25,-3.75,28.0
2026/04/15 14:27:23.01,IMU,223.14,776.86,1370.61,-39.16,38.26,-116.40,4.95,61.35,-2.70,27.9
2026/04/15 14:27:23.11,IMU,-20.51,996.58,1922.85,-250.14,85.73,-133.38,9.00,59.55,10.95,27.8
2026/04/15 14:27:23.21,IMU,-190.43,384.77,1260.74,-250.14,39.05,-222.25,21.60,27.30,26.85,27.8
2026/04/15 14:27:23.31,IMU,263.67,-179.20,1169.43,-194.47,-32.66,-171.82,27.30,4.05,22.20,27.9
2026/04/15 14:27:23.41,IMU,502.93,-524.41,938.48,-173.55,-57.53,-135.40,19.35,-11.10,15.90,27.8
2026/04/15 14:27:23.51,IMU,631.35,-515.63,1099.12,-209.94,-101.30,-139.37,8.40,-21.90,5.70,27.9
2026/04/15 14:27:23.61,IMU,662.11,-290.04,230.47,-250.14,-107.57,-196.95,-4.05,-24.90,-17.10,27.8
2026/04/15 14:27:23.71,IMU,761.72,547.85,-156.74,-250.14,-166.34,-131.40,-12.60,-12.15,-40.65,27.8
2026/04/15 14:27:23.82,IMU,551.76,875.98,-436.52,-232.38,-175.68,-77.84,-9.15,8.25,-55.35,28.0
2026/04/15 14:27:23.92,IMU,471.68,1063.96,-564.94,-84.33,-240.95,-66.95,7.65,25.35,-57.75,27.8
2026/04/15 14:27:24.02,IMU,-54.69,879.88,-1001.46,47.22,-222.60,-103.04,22.80,28.95,-55.35,27.6
2026/04/15 14:27:24.12,IMU,-312.99,809.08,-863.77,22.89,-137.73,-87.27,36.60,26.40,-48.90,27.7
2026/04/15 14:27:24.22,IMU,-666.99,633.30,-166.50,-7.63,-128.56,-75.08,46.80,21.45,-41.70,28.0
2026/04/15 14:27:24.32,IMU,-1481.45,554.69,41.02,-61.50,-246.00,-250.14,51.90,7.65,-25.05,27.7
2026/04/15 14:27:24.42,IMU,-1312.99,438.48,62.50,-114.02,-209.69,-250.14,43.35,-11.25,-13.95,27.6
2026/04/15 14:27:24.52,IMU,-1399.90,-597.66,43.95,-89.17,-29.63,-250.14,27.60,-24.15,-15.60,27.8
2026/04/15 14:27:24.62,IMU,-830.08,-816.41,323.73,-55.33,6.47,-250.14,6.75,-27.00,-18.00,27.7
2026/04/15 14:27:24.72,IMU,-695.31,-742.68,83.01,4.89,12.43,-250.14,-14.85,-19.05,-18.15,27.9
2026/04/15 14:27:24.82,IMU,245.61,119.63,195.31,109.71,69.66,-250.14,-30.60,3.30,-14.10,27.7
2026/04/15 14:27:24.92,IMU,363.77,237.30,227.05,38.91,110.07,-250.14,-30.00,28.65,-7.50,27.8
2026/04/15 14:27:25.02,IMU,371.58,484.38,725.10,50.37,121.18,-216.21,-17.10,47.10,-1.50,27.9
2026/04/15 14:27:25.13,IMU,541.50,823.73,1201.17,32.48,48.27,-149.08,-3.90,56.55,-1.35,27.7
2026/04/15 14:27:25.23,IMU,45.90,745.12,1126.95,-96.67,51.73,-139.73,6.75,58.05,1.05,27.7
2026/04/15 14:27:25.33,IMU,-313.48,580.57,1360.84,-165.44,76.93,-183.16,19.65,51.60,11.10,27.8
2026/04/15 14:27:25.43,IMU,-398.44,375.49,1864.26,-249.87,45.27,-229.71,32.70,30.60,16.50,27.6
2026/04/15 14:27:25.53,IMU,-346.19,-113.28,1137.70,-250.14,-44.82,-250.14,34.95,5.55,18.75,27.8
2026/04/15 14:27:25.63,IMU,-190.43,-561.52,913.57,-250.14,-22.49,-229.72,25.80,-17.55,6.90,27.5
2026/04/15 14:27:25.73,IMU,191.41,-413.57,-27.34,-250.14,-39.73,-165.85,12.75,-28.95,-12.90,27.6
2026/04/15 14:27:25.83,IMU,31.74,-218.26,-838.87,-250.14,-108.94,-61.78,2.25,-22.35,-38.70,27.6
2026/04/15 14:27:25.93,IMU,-129.39,192.38,-338.87,-250.14,-123.01,-44.80,3.60,-6.15,-53.40,27.6
2026/04/15 14:27:26.03,IMU,473.63,987.79,-833.01,-235.24,-184.55,-64.32,11.85,12.45,-59.10,27.3
2026/04/15 14:27:26.13,IMU,-661.13,694.34,-1463.38,13.17,-250.14,-168.78,31.20,23.40,-54.90,27.6
2026/04/15 14:27:26.23,IMU,-1081.05,456.05,-958.01,12.95,-250.14,-193.63,50.40,11.40,-33.90,27.6
2026/04/15 14:27:26.33,IMU,-973.63,306.15,216.80,-1.74,-250.14,-110.74,51.75,-3.00,-13.20,27.8
2026/04/15 14:27:26.43,IMU,-1707.52,66.41,652.83,17.53,-250.14,-68.56,39.75,-4.95,10.05,27.6
2026/04/15 14:27:26.54,IMU,-643.07,-17.58,806.15,-76.02,-236.56,-42.65,21.60,-11.85,16.50,27.6
2026/04/15 14:27:26.64,IMU,-757.32,-299.32,1390.63,-93.77,-163.75,-100.95,9.60,-14.70,14.40,27.6
2026/04/15 14:27:26.74,IMU,-99.61,-709.96,1583.50,-159.65,-126.06,-137.73,-3.00,-19.35,4.65,27.9
2026/04/15 14:27:26.84,IMU,144.53,-530.76,739.75,-166.76,-84.98,-84.12,-12.90,-20.70,-9.45,27.7
2026/04/15 14:27:26.94,IMU,874.51,-155.76,716.31,-181.20,-250.14,-13.68,-17.25,-17.70,-22.65,27.6
2026/04/15 14:27:27.04,IMU,212.40,-891.60,741.70,-155.14,-38.31,-2.00,-11.10,-15.90,-37.50,27.7
2026/04/15 14:27:27.14,IMU,380.86,-673.83,-826.66,-121.44,-47.30,-18.33,-6.60,-9.75,-46.80,27.9
2026/04/15 14:27:27.24,IMU,155.27,-920.41,-546.88,-100.63,-87.98,15.19,-3.15,-5.10,-51.60,27.6
2026/04/15 14:27:27.34,IMU,230.96,-649.90,-489.75,-55.24,9.34,92.74,1.20,0.15,-55.35,27.5
2026/04/15 14:27:27.44,IMU,60.55,-657.23,-734.38,-156.07,-92.97,120.55,5.55,4.95,-57.45,27.1
2026/04/15 14:27:27.54,IMU,-436.04,-391.60,-553.22,-147.83,-71.22,126.25,11.25,16.35,-59.85,27.4
2026/04/15 14:27:27.64,IMU,-1360.35,-142.09,46.88,-196.92,-127.90,33.11,14.70,28.05,-57.60,27.7
2026/04/15 14:27:27.74,IMU,-1017.58,286.62,-652.83,-218.07,-23.72,116.89,19.35,43.20,-47.40,27.8
2026/04/15 14:27:27.85,IMU,-77.64,834.47,-282.71,-112.10,126.53,85.21,13.80,54.60,-28.05,27.6
2026/04/15 14:27:27.95,IMU,-276.86,758.79,-857.91,-113.38,123.87,74.24,7.80,60.60,-20.85,27.5
2026/04/15 14:27:28.05,IMU,-95.21,861.33,-464.84,-94.40,72.11,10.29,2.85,59.55,-10.20,27.7
2026/04/15 14:27:28.15,IMU,-285.64,927.73,-26.86,11.11,-67.07,-8.65,4.50,59.40,-5.10,27.6
2026/04/15 14:27:28.25,IMU,-424.80,937.01,-689.45,-42.77,-151.71,-104.50,7.35,61.95,-3.30,27.8
2026/04/15 14:27:28.35,IMU,-891.11,883.30,-453.13,93.55,-193.92,-105.85,13.05,62.70,-5.70,27.6
2026/04/15 14:27:28.45,IMU,-616.21,957.03,-354.98,116.76,-221.44,-204.34,25.05,60.45,-12.15,27.6
2026/04/15 14:27:28.55,IMU,-875.00,720.21,-270.51,48.50,-152.32,-113.60,35.70,53.25,-9.15,27.6
2026/04/15 14:27:28.65,IMU,-921.88,499.02,614.26,65.24,-96.67,-148.89,40.95,46.05,-7.20,27.6
2026/04/15 14:27:28.75,IMU,-565.92,268.07,1148.93,-110.64,-233.79,-131.70,45.90,38.55,-0.75,27.6
2026/04/15 14:27:28.85,IMU,-481.45,-62.50,631.84,-41.21,-115.95,-89.68,40.20,30.15,11.10,27.8
2026/04/15 14:27:28.95,IMU,-34.67,-339.84,1206.05,-56.24,54.24,-69.90,43.35,24.15,11.85,27.7
2026/04/15 14:27:29.05,IMU,-794.43,-400.39,273.93,-162.59,-50.37,-57.42,45.45,19.20,9.90,27.6
2026/04/15 14:27:29.15,IMU,-579.59,-541.02,784.18,-41.08,-98.18,-104.10,41.10,8.85,13.80,27.3
2026/04/15 14:27:29.26,IMU,-139.65,-479.49,733.40,-162.66,-169.86,-202.93,29.55,-4.05,17.25,27.5
2026/04/15 14:27:29.36,IMU,620.12,-185.06,-108.40,-250.14,-31.43,-14.29,17.10,-22.65,5.70,27.8
2026/04/15 14:27:29.46,IMU,454.59,-474.61,226.07,-250.14,21.87,-105.38,12.75,-27.90,-19.95,27.8
2026/04/15 14:27:29.56,IMU,359.86,262.21,-580.57,-250.14,-6.02,-137.52,7.80,-16.95,-44.55,27.6
2026/04/15 14:27:29.66,IMU,361.82,366.70,-978.52,-195.28,-63.48,-78.98,7.20,6.15,-59.10,27.6
2026/04/15 14:27:29.76,IMU,-154.30,666.02,-1127.93,-128.78,-226.99,17.57,16.65,17.85,-59.85,27.9
2026/04/15 14:27:29.86,IMU,-492.68,597.17,-865.72,-3.05,-250.14,-107.82,32.70,17.40,-47.40,27.6
2026/04/15 14:27:29.96,IMU,-1124.51,594.73,-1103.03,-39.80,-250.14,-170.97,50.70,12.30,-34.05,27.6
2026/04/15 14:27:30.06,IMU,-1267.09,426.76,-362.79,-76.60,-209.62,-218.34,51.60,-2.55,-17.25,27.5
2026/04/15 14:27:30.16,IMU,-1260.25,34.67,-17.09,-98.98,-130.95,-216.89,40.35,-15.45,-10.20,27.7
2026/04/15 14:27:30.26,IMU,-907.23,-268.07,-31.74,-92.27,-100.64,-219.99,25.05,-25.65,-10.05,27.5
2026/04/15 14:27:30.36,IMU,-683.59,-601.56,-231.45,-72.58,14.62,-250.14,8.25,-27.75,-17.25,27.6
2026/04/15 14:27:30.46,IMU,-349.61,-651.37,-13.18,73.01,-44.15,-218.55,-6.90,-23.85,-19.20,27.6
2026/04/15 14:27:30.57,IMU,328.13,-883.30,-150.88,80.16,-1.84,-180.17,-20.25,-13.80,-15.00,27.5
2026/04/15 14:27:30.67,IMU,386.72,-655.76,842.29,-25.63,-9.89,-38.30,-27.00,-5.10,-12.60,27.5
2026/04/15 14:27:30.77,IMU,1229.98,182.13,323.24,14.23,-83.00,31.19,-28.95,-1.65,-13.95,27.5
2026/04/15 14:27:30.88,IMU,888.67,-776.86,648.93,29.99,-139.43,-51.89,-30.45,-2.70,-18.45,27.6
2026/04/15 14:27:30.98,IMU,402.83,-781.74,-150.88,56.51,-160.77,-57.39,-26.40,-0.90,-29.55,27.8
2026/04/15 14:27:31.08,IMU,947.27,-406.74,325.68,-38.31,-105.96,-118.11,-25.20,5.55,-38.10,27.6
2026/04/15 14:27:31.18,IMU,1181.64,-104.00,-81.05,-5.46,-212.50,-167.04,-21.60,14.70,-46.35,27.5
2026/04/15 14:27:31.28,IMU,482.42,-276.86,-798.83,47.66,-205.41,-53.66,-9.30,18.00,-53.40,27.3
2026/04/15 14:27:31.38,IMU,45.41,-370.61,-1013.67,12.15,-250.14,113.05,7.65,22.35,-59.55,27.5
2026/04/15 14:27:31.48,IMU,-12.70,-82.03,-1024.90,19.05,-195.46,-150.37,24.30,17.10,-58.50,27.3
2026/04/15 14:27:31.58,IMU,-287.11,-272.95,-1196.29,27.60,-174.27,-33.73,36.90,12.75,-50.70,27.6
2026/04/15 14:27:31.68,IMU,-292.97,109.37,-1913.57,142.17,-183.27,-120.36,45.75,9.15,-41.40,27.6
2026/04/15 14:27:31.78,IMU,-471.19,-201.17,-879.39,162.82,-158.15,-116.27,49.05,0.00,-29.25,27.5
2026/04/15 14:27:31.88,IMU,-508.79,-519.04,-311.04,101.97,-176.73,-118.08,47.70,-6.45,-15.30,27.8
2026/04/15 14:27:31.99,IMU,-598.63,-658.20,-88.38,32.93,-188.79,-115.10,42.30,-12.75,-1.80,27.5
2026/04/15 14:27:32.09,IMU,-405.76,-881.35,-128.42,-16.45,-250.14,-61.20,28.80,-15.15,8.40,27.6
2026/04/15 14:27:32.19,IMU,-150.88,-765.63,375.98,78.88,-250.14,5.63,10.20,-14.25,15.00,27.6
2026/04/15 14:27:32.29,IMU,-94.73,-578.13,985.35,7.88,-250.14,25.14,-11.10,-12.45,10.20,27.7
2026/04/15 14:27:32.39,IMU,-90.82,-945.80,-157.71,-1.80,-250.14,-43.31,-22.50,-12.75,-7.95,27.5
2026/04/15 14:27:32.49,IMU,-47.85,-1021.48,177.25,57.61,-250.14,-94.73,-24.15,-9.15,-26.40,27.6
2026/04/15 14:27:32.59,IMU,-222.17,-705.57,-23.44,26.18,-207.05,-213.30,-22.50,-3.45,-37.20,27.6
2026/04/15 14:27:32.69,IMU,1158.20,239.75,-534.18,-87.16,-32.87,-230.90,-19.80,13.20,-46.35,27.4
2026/04/15 14:27:32.79,IMU,875.00,496.09,591.80,-137.43,-182.82,-244.45,-12.15,25.80,-50.55,27.5
2026/04/15 14:27:32.89,IMU,375.00,613.28,-333.50,46.55,10.60,-178.05,-3.00,37.20,-50.70,27.5
2026/04/15 14:27:32.99,IMU,586.43,1139.65,219.24,-40.75,58.20,-181.44,0.90,37.20,-52.20,27.3
2026/04/15 14:27:33.09,IMU,583.01,1164.06,-288.57,-3.85,32.61,-75.69,1.95,44.55,-48.60,27.5
2026/04/15 14:27:33.19,IMU,987.30,1075.20,-454.10,-54.11,-2.28,-41.14,6.60,44.25,-47.85,27.8
2026/04/15 14:27:33.30,IMU,229.49,940.92,363.77,64.89,40.25,-73.31,6.90,46.05,-48.60,27.8
2026/04/15 14:27:33.40,IMU,-21.00,916.02,-430.18,51.82,-101.90,-179.18,11.70,45.60,-47.85,27.6
2026/04/15 14:27:33.50,IMU,-443.85,1094.73,-745.61,38.06,-83.70,-216.89,25.35,42.00,-49.35,27.5
2026/04/15 14:27:33.60,IMU,-1019.04,911.13,-325.20,68.96,21.75,-250.14,36.75,29.85,-50.25,27.6
2026/04/15 14:27:33.70,IMU,-935.55,359.38,16.11,-8.34,71.45,-250.14,34.95,10.65,-51.60,27.6
2026/04/15 14:27:33.80,IMU,-295.41,147.46,-478.52,-16.18,-12.02,-128.85,29.10,2.55,-52.35,27.6
2026/04/15 14:27:33.90,IMU,-869.14,-145.02,-254.88,-3.50,-47.95,-25.25,31.65,-1.05,-52.95,27.6
2026/04/15 14:27:34.00,IMU,-687.99,-123.05,-293.46,-15.56,-20.96,-21.35,33.00,0.15,-49.95,27.6
2026/04/15 14:27:34.10,IMU,-366.21,162.11,-282.71,-36.76,-13.33,-21.73,34.05,1.65,-50.40,27.5
2026/04/15 14:27:34.20,IMU,-1416.50,-187.50,-1099.12,-56.06,117.20,-116.78,34.80,4.20,-50.70,27.5
2026/04/15 14:27:34.30,IMU,-1159.67,-338.38,-54.20,-138.90,67.14,-76.34,30.00,6.45,-55.35,27.7
2026/04/15 14:27:34.40,IMU,-1253.91,-516.11,-617.19,-95.60,80.72,-69.40,24.15,11.85,-57.90,27.5
2026/04/15 14:27:34.50,IMU,-979.98,-336.91,-675.29,5.00,58.46,-113.36,19.65,13.80,-60.30,27.5
2026/04/15 14:27:34.61,IMU,-162.60,-244.14,-833.01,23.80,250.13,-139.98,11.85,14.70,-60.45,27.5
2026/04/15 14:27:34.71,IMU,369.63,-136.72,-980.96,-8.88,250.13,-17.60,-7.50,15.90,-56.25,27.6
2026/04/15 14:27:34.81,IMU,393.55,-416.02,-849.12,-55.55,195.84,9.26,-24.00,15.30,-42.15,27.6
2026/04/15 14:27:34.91,IMU,675.29,-446.29,-932.13,-57.27,133.46,52.43,-29.85,18.75,-29.25,27.5
2026/04/15 14:27:35.01,IMU,824.22,-255.37,-74.71,62.39,116.44,53.07,-31.35,14.40,-18.30,27.5
2026/04/15 14:27:35.11,IMU,744.14,-454.10,-349.61,79.92,119.85,31.46,-31.20,10.50,-10.65,27.8
2026/04/15 14:27:35.21,IMU,842.77,-442.38,-259.77,32.58,53.15,136.41,-27.90,8.70,-1.80,27.6
2026/04/15 14:27:35.31,IMU,488.28,-557.62,8.30,77.95,10.55,118.34,-27.15,2.40,0.45,27.3
2026/04/15 14:27:35.41,IMU,296.39,-1012.21,39.06,153.60,27.63,0.22,-24.00,-1.95,4.05,27.5
2026/04/15 14:27:35.51,IMU,206.05,-719.24,359.86,60.68,167.27,109.79,-17.85,-1.65,14.25,27.5
2026/04/15 14:27:35.61,IMU,-88.38,-709.47,481.45,82.69,138.33,127.79,-5.55,-0.90,21.00,27.6
2026/04/15 14:27:35.71,IMU,-79.59,-818.36,973.63,36.50,27.34,76.15,4.95,1.80,26.40,27.5
2026/04/15 14:27:35.81,IMU,-389.65,-654.30,629.39,8.39,28.62,186.29,9.90,3.00,25.65,27.3
2026/04/15 14:27:35.91,IMU,-449.22,-468.26,906.74,82.02,33.92,82.12,16.65,9.00,27.00,27.6
2026/04/15 14:27:36.02,IMU,-524.41,-114.26,979.49,95.16,-48.00,101.21,17.55,13.95,27.90,27.6
2026/04/15 14:27:36.12,IMU,-659.18,-216.31,838.87,81.01,-82.90,16.15,12.45,22.35,28.05,27.9
2026/04/15 14:27:36.22,IMU,-667.97,-229.98,1096.68,70.40,-66.53,78.70,7.20,28.50,26.10,27.6
2026/04/15 14:27:36.32,IMU,-313.48,69.82,1183.59,72.12,-22.45,23.16,2.85,34.80,24.00,27.5
2026/04/15 14:27:36.42,IMU,-220.70,324.22,802.73,72.74,-36.89,37.35,-0.90,38.55,22.80,27.5
2026/04/15 14:27:36.52,IMU,140.14,619.14,1330.57,90.19,-52.40,103.24,-1.95,44.55,19.50,27.5
2026/04/15 14:27:36.62,IMU,-84.47,641.11,887.70,67.83,-55.61,40.61,-7.35,49.80,16.35,27.3
2026/04/15 14:27:36.72,IMU,-8.79,609.86,1069.82,155.12,-7.89,20.81,-11.10,57.00,7.35,27.5
2026/04/15 14:27:36.82,IMU,-378.42,1353.52,814.45,250.13,250.13,66.89,-12.90,60.60,-5.55,27.6
2026/04/15 14:27:36.92,IMU,-650.88,1175.29,-361.82,250.13,138.71,-89.21,-11.55,57.75,-13.80,27.4
2026/04/15 14:27:37.02,IMU,-789.06,1093.75,-1125.98,250.13,116.71,-95.63,-1.95,60.15,-25.95,27.8
2026/04/15 14:27:37.12,IMU,-412.11,471.68,-1374.51,250.13,24.37,-103.67,4.65,50.70,-46.35,27.6
2026/04/15 14:27:37.22,IMU,-319.34,35.16,-101.56,250.13,84.97,-56.85,1.80,27.75,-58.65,27.6
2026/04/15 14:27:37.32,IMU,-254.88,-587.40,-1167.97,92.21,20.30,-45.31,-0.30,15.45,-59.10,27.6
2026/04/15 14:27:37.43,IMU,59.57,-669.43,-750.49,156.47,-52.23,-32.85,-1.05,8.10,-56.55,27.6
2026/04/15 14:27:37.53,IMU,-359.38,-714.84,-302.73,89.21,16.85,14.16,-2.40,-2.10,-52.95,27.4
2026/04/15 14:27:37.63,IMU,18.07,-844.73,-942.87,20.80,-93.67,69.50,1.20,-6.45,-52.50,27.6
2026/04/15 14:27:37.73,IMU,-870.61,-1442.87,-1750.98,122.85,-71.08,45.33,8.10,-7.95,-53.55,27.3
2026/04/15 14:27:37.83,IMU,-274.41,-756.35,53.22,185.35,-28.73,103.34,13.95,-16.20,-45.90,27.3
2026/04/15 14:27:37.93,IMU,-358.89,-209.47,379.88,250.13,53.44,180.07,19.65,-26.10,-31.95,27.8
2026/04/15 14:27:38.03,IMU,-865.72,-266.60,826.66,215.65,31.74,146.15,29.70,-24.15,-8.25,27.3
2026/04/15 14:27:38.13,IMU,-657.71,231.93,626.95,209.83,47.44,189.89,43.20,-10.35,-0.30,27.2
2026/04/15 14:27:38.23,IMU,-833.50,616.21,301.76,196.36,22.56,174.89,48.00,8.10,3.15,27.5
2026/04/15 14:27:38.33,IMU,-612.30,862.30,382.32,139.63,-1.89,140.34,49.95,24.90,1.80,27.5
2026/04/15 14:27:38.43,IMU,-412.11,801.27,219.73,75.83,-40.92,125.92,46.65,37.50,1.20,27.6
2026/04/15 14:27:38.53,IMU,-227.05,904.79,475.59,-77.50,-86.63,114.11,38.70,45.30,3.30,27.5
2026/04/15 14:27:38.63,IMU,-13.67,995.12,951.17,-193.48,-73.28,81.18,28.95,43.80,15.00,27.6
2026/04/15 14:27:38.73,IMU,228.03,899.41,736.33,-250.14,-54.81,79.86,23.55,26.40,26.70,27.9
2026/04/15 14:27:38.84,IMU,366.21,500.49,1352.05,-237.05,-91.05,112.87,18.15,10.05,27.00,27.6
2026/04/15 14:27:38.94,IMU,619.63,50.29,1041.02,-250.14,-109.76,188.05,14.40,-6.90,20.10,27.6
2026/04/15 14:27:39.04,IMU,415.53,-571.29,469.24,-159.27,-50.31,195.47,13.95,-21.75,12.00,27.5
2026/04/15 14:27:39.14,IMU,102.54,-785.64,439.94,-173.35,-29.39,151.17,28.65,-20.85,-1.20,27.4
2026/04/15 14:27:39.24,IMU,170.41,-757.81,-209.96,-174.96,-45.31,197.40,37.05,-18.00,-11.25,27.6
2026/04/15 14:27:39.34,IMU,-93.26,-660.64,-196.78,-148.76,19.47,224.61,46.20,-8.10,-18.00,27.5
2026/04/15 14:27:39.44,IMU,-341.31,-340.82,-244.14,-157.27,36.09,215.26,53.10,10.05,-25.95,27.5
2026/04/15 14:27:39.54,IMU,-562.01,92.77,-654.79,-145.58,78.98,177.84,50.25,28.65,-28.80,27.5
2026/04/15 14:27:39.64,IMU,-458.98,446.78,-736.33,-103.89,129.12,185.31,41.25,43.80,-30.90,27.8
2026/04/15 14:27:39.74,IMU,-217.29,659.18,-910.16,-38.85,84.27,150.13,28.50,54.75,-30.75,27.5
2026/04/15 14:27:39.84,IMU,153.81,677.73,-970.21,27.21,59.96,121.35,16.50,59.55,-33.60,27.3
2026/04/15 14:27:39.94,IMU,571.78,596.19,-1328.61,79.17,29.60,142.66,6.90,58.95,-36.90,27.3
2026/04/15 14:27:40.05,IMU,306.15,291.50,-747.56,91.92,14.98,177.11,-11.85,46.20,-39.15,27.4
2026/04/15 14:27:40.15,IMU,426.27,85.45,-1165.04,91.13,-18.36,146.46,-16.20,36.60,-47.40,27.3
2026/04/15 14:27:40.25,IMU,322.27,-111.82,-1229.98,111.95,-0.11,140.89,-18.45,23.10,-48.60,27.5
2026/04/15 14:27:40.35,IMU,-30.27,-437.99,-1062.50,126.65,-46.35,94.86,-18.00,11.40,-48.75,27.5
2026/04/15 14:27:40.46,IMU,198.73,-654.30,-675.29,151.53,-46.15,16.33,-15.30,-1.65,-47.85,27.7
2026/04/15 14:27:40.56,IMU,290.04,-530.27,-93.75,150.53,-28.77,98.31,-12.15,-11.10,-42.75,27.5
2026/04/15 14:27:40.66,IMU,-143.07,-738.77,-588.87,201.75,21.02,94.35,-4.20,-21.45,-36.75,27.6
2026/04/15 14:27:40.76,IMU,-437.50,-533.69,214.36,250.13,51.07,118.83,1.95,-29.70,-16.80,27.5
2026/04/15 14:27:40.86,IMU,-599.12,-439.45,39.55,250.13,19.47,-76.20,2.85,-23.25,3.75,27.5
2026/04/15 14:27:40.96,IMU,-243.65,-352.54,139.16,38.58,-18.37,-69.46,-1.95,-9.75,18.15,27.6
2026/04/15 14:27:41.06,IMU,-113.77,344.73,1990.72,250.13,102.69,-23.02,-2.70,6.45,25.20,27.5
2026/04/15 14:27:41.16,IMU,-610.84,315.92,951.66,145.63,60.37,24.92,2.85,21.00,27.60,27.5
2026/04/15 14:27:41.26,IMU,-393.07,430.66,529.30,141.49,35.81,3.53,7.20,30.60,27.60,27.7
2026/04/15 14:27:41.36,IMU,-86.91,688.48,986.82,158.28,16.91,-7.58,8.40,40.50,22.80,27.6
2026/04/15 14:27:41.46,IMU,-845.21,707.52,434.57,130.22,-2.86,31.98,8.70,48.30,16.80,27.6
2026/04/15 14:27:41.56,IMU,-676.76,1318.85,84.47,250.13,-23.17,121.62,3.30,59.40,2.55,27.5
2026/04/15 14:27:41.66,IMU,-146.97,1031.25,-62.50,209.79,42.57,29.74,-3.30,57.90,-24.15,27.5
2026/04/15 14:27:41.76,IMU,-349.61,1194.34,-760.25,250.13,71.98,17.63,-6.75,49.20,-39.15,27.5
2026/04/15 14:27:41.87,IMU,322.27,526.37,-754.88,204.50,62.39,-36.37,-7.65,32.70,-51.45,27.6
2026/04/15 14:27:41.97,IMU,-163.57,-41.50,-526.86,183.44,23.26,0.60,-9.90,19.80,-53.85,27.6
2026/04/15 14:27:42.07,IMU,300.78,-416.02,-1349.12,236.69,-77.78,41.24,-13.65,7.65,-52.35,27.6
2026/04/15 14:27:42.17,IMU,-140.14,-538.57,-137.70,250.13,27.49,81.98,-7.65,-14.85,-41.85,27.5
2026/04/15 14:27:42.27,IMU,-779.30,-710.45,-289.06,250.13,138.45,106.46,-4.50,-27.90,-16.35,27.6
2026/04/15 14:27:42.37,IMU,-877.44,-719.24,437.50,187.33,250.13,40.41,7.80,-22.95,8.70,27.5
2026/04/15 14:27:42.47,IMU,-778.81,-818.85,958.01,65.05,250.13,-4.96,21.90,-13.20,14.40,27.5
2026/04/15 14:27:42.57,IMU,-979.49,-843.26,-112.79,106.27,202.04,-1.08,34.05,-12.00,9.00,27.4
2026/04/15 14:27:42.67,IMU,-442.38,-956.54,-185.06,36.89,209.98,12.35,40.95,-10.05,2.25,27.2
2026/04/15 14:27:42.77,IMU,-1119.63,-863.77,143.07,80.56,110.88,-34.91,46.20,-6.60,-2.40,27.5
2026/04/15 14:27:42.87,IMU,-405.27,-855.47,-660.16,-10.44,146.17,-37.39,45.15,-9.75,-9.00,27.3
2026/04/15 14:27:42.97,IMU,-60.06,-822.27,-1230.96,54.35,250.13,-18.82,46.20,-12.90,-18.75,27.6
2026/04/15 14:27:43.07,IMU,-1858.89,-823.73,1999.94,174.30,250.13,85.73,39.75,-12.00,-34.50,27.5
2026/04/15 14:27:43.17,IMU,-1202.64,-1054.69,756.35,206.66,250.13,-9.60,28.20,-22.35,-34.05,27.3
2026/04/15 14:27:43.28,IMU,-314.94,-64.94,-145.02,250.13,233.92,-48.66,16.95,-28.80,-17.25,27.6
2026/04/15 14:27:43.38,IMU,-681.64,-359.38,900.88,122.05,124.69,-77.33,19.80,-21.75,6.00,27.6
2026/04/15 14:27:43.48,IMU,-182.62,698.24,1086.43,250.13,222.66,19.24,21.15,-10.35,17.55,27.5
2026/04/15 14:27:43.58,IMU,-461.43,547.85,989.75,241.84,-34.90,26.73,25.95,8.10,24.75,27.5
2026/04/15 14:27:43.68,IMU,29.79,1012.70,1479.49,224.84,-213.45,42.67,18.15,29.40,25.95,27.4
2026/04/15 14:27:43.78,IMU,-201.17,738.28,469.24,175.24,-250.14,-54.44,1.95,43.05,20.70,27.4
2026/04/15 14:27:43.88,IMU,384.28,712.89,703.13,101.47,-139.51,87.16,-6.75,52.50,6.60,27.5
2026/04/15 14:27:43.98,IMU,273.93,1032.23,564.94,-19.16,-220.53,212.36,-14.25,51.15,-3.30,27.2
2026/04/15 14:27:44.08,IMU,329.10,883.79,910.16,-53.40,-250.10,155.60,-28.20,36.75,-18.15,27.5
2026/04/15 14:27:44.18,IMU,1011.23,675.29,-739.75,131.86,-250.14,177.84,-27.75,25.50,-36.00,27.5
2026/04/15 14:27:44.28,IMU,729.00,663.09,-331.05,105.10,-250.14,146.85,-11.55,6.60,-52.35,27.3
2026/04/15 14:27:44.38,IMU,329.59,-308.59,-546.88,185.37,-142.03,163.53,6.00,-8.10,-53.40,27.5
2026/04/15 14:27:44.48,IMU,1023.44,-354.98,-919.92,124.35,-123.52,94.97,20.10,-13.20,-47.70,27.5
2026/04/15 14:27:44.59,IMU,-282.23,-473.14,-1458.50,175.05,-191.10,161.68,34.80,-16.05,-37.65,27.5
2026/04/15 14:27:44.69,IMU,-585.45,-756.35,132.32,83.82,-250.14,34.03,44.10,-13.50,-19.50,27.5
2026/04/15 14:27:44.79,IMU,-939.94,-911.62,69.34,144.68,-250.14,-14.50,42.00,-10.05,-0.45,27.3
2026/04/15 14:27:44.89,IMU,-323.24,-823.24,853.52,48.65,-192.27,-123.12,25.95,-9.60,18.00,27.5
2026/04/15 14:27:44.99,IMU,-105.96,-865.23,63.96,39.78,-69.42,-35.52,8.55,-11.40,18.30,27.5
2026/04/15 14:27:45.09,IMU,-506.35,-1147.95,765.14,26.00,-158.67,83.24,3.30,-10.50,19.95,27.3
2026/04/15 14:27:45.19,IMU,176.27,-758.30,424.80,-11.28,-162.87,-54.40,-9.15,-8.25,16.05,27.5
2026/04/15 14:27:45.29,IMU,159.67,-1012.70,316.41,-84.92,-203.49,6.72,-18.30,-10.35,6.00,27.5
2026/04/15 14:27:45.39,IMU,-66.89,-1040.53,-88.38,-37.08,-231.54,30.83,-21.60,-14.40,-14.85,27.4
2026/04/15 14:27:45.49,IMU,18.07,-1737.30,158.69,-67.05,-104.73,-30.88,-18.75,-16.20,-25.95,27.5
2026/04/15 14:27:45.59,IMU,276.86,-1051.76,-457.03,-47.46,-88.15,15.78,-14.25,-13.50,-36.90,27.4
2026/04/15 14:27:45.69,IMU,49.32,-1050.29,60.55,104.65,-40.15,-1.12,-12.60,-14.70,-38.85,27.2
2026/04/15 14:27:45.79,IMU,-116.70,-815.92,90.82,36.36,-28.34,-4.79,-9.90,-17.55,-37.20,27.3
2026/04/15 14:27:45.89,IMU,262.21,-788.57,677.73,-96.31,-112.90,-9.64,-0.90,-18.30,-41.85,27.0
2026/04/15 14:27:46.00,IMU,36.62,-968.75,-235.35,-117.19,-126.63,5.39,7.35,-13.80,-49.35,27.6
2026/04/15 14:27:46.10,IMU,36.62,-844.24,-520.51,-41.46,-237.47,-21.24,16.95,-8.40,-52.95,27.5
2026/04/15 14:27:46.20,IMU,-95.21,-797.36,-248.54,6.13,-102.74,-3.32,26.70,-9.15,-48.00,27.6
2026/04/15 14:27:46.30,IMU,-475.59,-765.63,-378.91,-77.61,-200.60,-52.36,35.70,-8.40,-43.05,27.3
2026/04/15 14:27:46.40,IMU,-105.47,-564.94,-861.82,-94.74,-152.31,-69.63,41.40,-8.40,-37.50,27.6
2026/04/15 14:27:46.50,IMU,-281.74,-654.79,-1082.03,-127.23,-120.40,-35.34,44.10,-7.95,-33.00,27.5
2026/04/15 14:27:46.60,IMU,-560.55,-435.06,-664.06,-163.92,-149.85,-100.13,45.45,-8.40,-31.80,27.5
2026/04/15 14:27:46.70,IMU,-17.58,-443.85,-1254.88,-82.27,31.13,-52.00,43.80,-11.55,-34.80,27.5
2026/04/15 14:27:46.80,IMU,-750.49,-528.32,-851.07,-79.22,-132.70,-77.45,43.20,-11.10,-33.90,27.0
2026/04/15 14:27:46.90,IMU,-473.63,-401.37,-693.85,-45.07,-51.40,-33.38,42.30,-14.85,-30.15,27.1
2026/04/15 14:27:47.00,IMU,-761.72,1781.74,-2000.00,-44.66,11.89,-116.39,40.20,-17.85,-30.15,27.5
2026/04/15 14:27:47.10,IMU,-393.07,-395.02,-759.77,-55.85,24.47,-70.89,35.25,-19.95,-30.00,27.7
2026/04/15 14:27:47.20,IMU,-409.18,-707.03,-1017.09,-29.47,1.37,-84.92,29.85,-23.25,-30.75,27.4
2026/04/15 14:27:47.30,IMU,-199.71,-352.05,-914.06,-52.80,139.38,-39.44,28.20,-20.85,-36.60,27.5
2026/04/15 14:27:47.41,IMU,-74.71,-324.71,-853.03,-49.98,79.03,-66.79,18.75,-21.00,-42.45,27.5
2026/04/15 14:27:47.51,IMU,62.01,-180.18,-954.59,-31.98,35.77,-66.92,12.15,-19.20,-46.35,27.5
2026/04/15 14:27:47.61,IMU,-21.00,-281.74,-964.84,-16.56,30.16,-40.08,9.30,-19.50,-45.90,27.5
2026/04/15 14:27:47.71,IMU,61.52,-184.57,-978.03,-19.66,13.18,-34.16,7.20,-18.75,-46.95,27.5
2026/04/15 14:27:47.81,IMU,136.23,-96.68,-806.64,-26.60,10.56,-28.90,3.75,-16.80,-47.10,27.3
2026/04/15 14:27:47.91,IMU,180.66,-41.99,-946.29,-23.20,16.05,-26.94,1.35,-13.20,-49.05,27.5
2026/04/15 14:27:48.01,IMU,125.98,-45.90,-932.62,-21.31,-8.01,-38.08,0.45,-13.80,-49.65,27.6
2026/04/15 14:27:48.11,IMU,380.86,81.54,-1038.09,6.50,1.11,-15.57,-2.85,-10.35,-48.00,27.5
